abret_10,C,Female,logMV,Outsider,Analyst
-2.224276542663574,1,0,6.088659763336182,0,0.0
2.2745556831359863,0,0,6.987112045288086,1,0.0
-1.2638918161392212,1,0,9.33876895904541,0,3.0910425186157227
-3.7931816577911377,0,0,7.636733531951904,0,2.5649492740631104
-1.6490362882614136,0,0,7.290682315826416,0,1.6094379425048828
-0.22416265308856964,1,0,7.183172225952148,0,0.0
-1.2380112409591675,1,0,8.3179349899292,0,2.5649492740631104
1.9119874238967896,0,0,7.573558330535889,0,0.0
9.877494812011719,0,0,7.958580017089844,0,1.6094379425048828
-0.5588281750679016,0,0,8.28538703918457,0,0.0
2.925199508666992,0,0,7.081491947174072,0,0.0
-0.2115502953529358,0,0,11.079345703125,0,2.7725887298583984
3.895630359649658,1,0,8.36677360534668,0,2.995732307434082
-0.38474130630493164,0,0,8.502893447875977,0,0.0
0.7161909937858582,1,0,9.012765884399414,1,0.0
2.0840466022491455,1,0,8.540348052978516,1,0.0
0.6472649574279785,1,0,8.883488655090332,0,2.8332133293151855
-2.955888509750366,1,0,10.192916870117188,0,0.0
3.7848305702209473,0,0,10.137102127075195,1,2.890371799468994
-3.7604384422302246,1,0,9.082165718078613,0,0.0
-0.3930336833000183,0,0,9.576298713684082,0,0.0
-3.3908822536468506,1,0,9.872048377990723,0,2.8332133293151855
-4.270849704742432,1,0,6.0322465896606445,0,0.0
0.7364097237586975,1,1,8.280563354492188,0,0.0
-1.4562416076660156,1,0,9.532450675964355,1,0.0
5.191573143005371,1,0,9.512442588806152,1,2.944438934326172
-0.5506319403648376,1,0,8.842405319213867,0,2.8332133293151855
1.0652811527252197,1,0,9.371400833129883,1,3.1354942321777344
-1.0657660961151123,1,0,7.0391082763671875,1,1.7917594909667969
-0.6733300685882568,0,0,6.939026355743408,1,1.7917594909667969
-2.953319787979126,1,0,7.777608394622803,0,2.079441547393799
-0.06292086839675903,1,0,7.507016181945801,0,0.0
-1.7153146266937256,0,0,6.058406352996826,0,0.0
1.007834792137146,1,0,7.647073745727539,0,0.0
1.343124508857727,0,0,7.970357894897461,0,0.6931471824645996
3.130470037460327,0,0,6.9781646728515625,1,2.1972246170043945
3.7246572971343994,1,0,10.351051330566406,1,2.5649492740631104
-4.565371036529541,0,0,7.227786064147949,0,2.995732307434082
-5.385643482208252,1,0,10.274872779846191,1,0.0
-1.0479074716567993,1,0,10.409688949584961,0,0.0
5.832305908203125,1,0,10.276468276977539,0,0.0
0.09538188576698303,1,0,9.470510482788086,0,2.4849066734313965
-1.2583355903625488,1,0,9.05931568145752,0,0.0
-0.5282789468765259,0,0,6.382177829742432,0,0.0
2.0941197872161865,1,0,9.396981239318848,1,0.0
-6.594904899597168,1,0,11.196118354797363,0,2.5649492740631104
-0.5901395678520203,0,0,11.188783645629883,0,0.0
0.13836659491062164,1,0,9.71387004852295,0,0.0
-1.1829017400741577,1,0,6.762260913848877,0,1.7917594909667969
-2.469311475753784,1,0,11.254085540771484,0,2.5649492740631104
-3.415250062942505,1,0,10.811634063720703,0,0.0
-0.29586261510849,1,0,10.996395111083984,0,0.0
-4.231133937835693,1,0,11.876066207885742,0,3.2188758850097656
-0.07095273584127426,1,0,12.05655288696289,0,0.0
58.38665771484375,1,0,9.100236892700195,0,0.0
-0.8828243613243103,0,0,6.1148681640625,0,0.0
1.7385144233703613,1,0,7.912019729614258,1,1.945910096168518
-0.00196288269944489,1,0,10.62483024597168,0,2.7725887298583984
0.9459357857704163,1,0,6.735236167907715,0,0.0
0.7649440765380859,1,0,11.020882606506348,0,3.332204580307007
1.1027512550354004,0,0,6.333061695098877,0,0.0
1.072447657585144,1,0,6.379922389984131,1,0.0
-0.951479971408844,0,0,6.341640949249268,0,1.6094379425048828
0.027275972068309784,0,0,6.778637886047363,1,1.945910096168518
-2.6770718097686768,0,0,6.673808574676514,0,0.0
-7.865667343139648,0,0,5.968262195587158,1,2.1972246170043945
0.13498197495937347,0,0,7.519555568695068,0,2.079441547393799
2.5274126529693604,0,0,6.918417453765869,1,0.0
-5.091887474060059,0,0,6.822635650634766,0,0.0
-1.249556303024292,1,0,10.505797386169434,1,0.0
1.224776029586792,0,0,6.230508804321289,0,0.0
1.1587741374969482,0,0,9.019853591918945,0,3.4965076446533203
0.3909359872341156,1,0,10.095390319824219,1,3.4339871406555176
-1.8365206718444824,1,0,9.147729873657227,0,0.0
-2.059373617172241,1,1,9.99979019165039,0,2.1972246170043945
0.5306757092475891,1,0,7.03399133682251,0,2.397895336151123
-2.5114481449127197,1,0,8.017524719238281,0,0.0
-11.666357040405273,0,0,7.641927719116211,0,0.0
1.82404363155365,0,0,7.158293724060059,1,2.3025851249694824
-2.8395144939422607,0,0,8.276995658874512,1,0.0
1.3071643114089966,0,0,8.327139854431152,0,2.4849066734313965
-0.24412348866462708,1,0,7.5075364112854,0,2.5649492740631104
-0.4325912296772003,1,1,6.9878363609313965,1,0.0
-2.117480754852295,0,1,7.180564880371094,0,2.079441547393799
-1.0274590253829956,1,0,7.941795349121094,0,0.0
2.2267727851867676,1,0,9.139860153198242,1,0.0
-0.8209090828895569,1,0,10.092609405517578,0,0.0
-0.763634443283081,0,0,5.837594985961914,1,0.6931471824645996
-1.8132573366165161,1,0,8.70478343963623,0,0.0
-0.5954239368438721,0,0,8.614666938781738,0,0.0
-7.014041423797607,1,1,9.341548919677734,0,0.0
6.610447406768799,1,1,9.298888206481934,0,2.3025851249694824
1.2710856199264526,1,1,9.686744689941406,1,2.7725887298583984
0.16420915722846985,0,0,10.265806198120117,0,0.0
-0.23326046764850616,0,0,8.826200485229492,1,0.6931471824645996
5.964260101318359,1,0,9.266971588134766,1,3.5553481578826904
-0.8560216426849365,0,0,9.404305458068848,0,3.367295742034912
-0.8620411157608032,0,0,9.59223461151123,1,3.4965076446533203
1.1244601011276245,0,0,10.26564884185791,0,0.0
-4.7240705490112305,0,0,5.753484725952148,0,0.0
1.9106550216674805,0,0,6.8151116371154785,0,0.0
1.6444731950759888,1,0,6.8178935050964355,0,0.0
-2.7125918865203857,0,0,8.479427337646484,0,2.3025851249694824
21.40390396118164,1,0,10.59046459197998,1,3.295836925506592
10.098698616027832,0,0,7.250022888183594,1,0.0
-0.21780763566493988,0,0,7.742014408111572,0,2.3025851249694824
0.9842895269393921,0,1,7.420418739318848,0,1.3862943649291992
1.489086389541626,0,0,7.463776111602783,0,1.3862943649291992
8.046732902526855,0,1,6.4369401931762695,1,0.0
0.5548056960105896,0,1,6.801403999328613,0,0.0
0.5842427611351013,1,1,7.049392223358154,0,0.0
-0.895991325378418,1,0,8.09054946899414,0,0.0
-0.7773748636245728,1,0,6.816059112548828,0,1.7917594909667969
2.04677152633667,1,0,7.609083652496338,0,2.7725887298583984
1.6020615100860596,1,0,9.810724258422852,0,2.944438934326172
4.985553741455078,1,0,9.847922325134277,1,2.8332133293151855
-4.597253322601318,0,0,5.795380592346191,0,0.0
-1.6165348291397095,1,0,5.841796875,0,1.3862943649291992
2.3130240440368652,1,0,7.051498889923096,0,0.0
-2.335966110229492,1,0,8.821244239807129,0,0.0
0.13386721909046173,1,0,9.056561470031738,0,2.7725887298583984
-6.874467849731445,0,0,5.876725196838379,0,0.0
-2.4959352016448975,1,0,11.48342514038086,0,0.0
0.6800313591957092,1,0,11.593809127807617,0,3.332204580307007
-0.13678766787052155,1,0,10.792945861816406,0,0.0
-0.030691159889101982,1,1,7.553839683532715,0,2.3025851249694824
0.6080409288406372,0,0,7.488237380981445,0,0.0
-7.024416923522949,1,0,9.570772171020508,0,3.332204580307007
-0.48384639620780945,0,0,10.070443153381348,0,0.0
-9.740296363830566,1,0,6.799014568328857,0,2.4849066734313965
-1.1489381790161133,0,0,6.884626388549805,0,0.0
4.811182022094727,0,0,5.781386852264404,0,1.3862943649291992
0.13204807043075562,1,0,9.248760223388672,1,2.944438934326172
-0.10357613861560822,0,0,6.870520114898682,0,1.6094379425048828
-0.8530076742172241,0,0,6.980973720550537,0,0.0
2.6107590198516846,1,0,8.28374195098877,0,0.0
0.6467936038970947,1,0,8.741812705993652,0,2.397895336151123
-0.4312012195587158,1,0,8.984994888305664,0,0.0
5.238003253936768,1,0,8.97496223449707,0,3.465735912322998
3.7141411304473877,0,0,8.935786247253418,1,3.5835189819335938
-1.933451533317566,1,0,6.643022537231445,0,1.6094379425048828
0.595816433429718,0,0,6.494171142578125,0,1.3862943649291992
1.0907518863677979,1,0,6.687678813934326,0,0.0
0.8251366019248962,1,0,6.911114692687988,1,0.0
1.5563998222351074,0,0,7.122418403625488,1,0.0
-1.9477101564407349,1,0,10.425962448120117,0,0.0
6.24757719039917,1,0,10.849376678466797,0,0.0
0.23222891986370087,1,0,8.053275108337402,0,1.7917594909667969
-4.419427394866943,1,0,7.436445713043213,0,0.0
-0.5289151668548584,0,0,7.267806053161621,0,2.8332133293151855
-6.214187145233154,1,0,5.852968692779541,0,0.0
-1.2847247123718262,1,0,6.323988437652588,0,0.0
0.5348519682884216,1,0,6.142602443695068,0,1.0986123085021973
0.5287047624588013,0,0,6.077297687530518,1,0.0
0.36584633588790894,1,0,6.1377339363098145,0,0.6931471824645996
-2.9929282665252686,0,1,6.655047416687012,0,0.0
-5.458457946777344,1,0,11.753067970275879,0,2.3025851249694824
1.1361764669418335,1,0,11.65767765045166,0,2.70805025100708
-0.9232053160667419,0,0,10.796731948852539,1,0.0
-0.6568202972412109,1,0,10.6470308303833,1,2.7725887298583984
-8.612058639526367,1,0,10.798110008239746,0,0.0
-2.095123052597046,1,0,10.812288284301758,1,0.0
0.4848083257675171,1,0,10.422039985656738,0,0.0
-0.7612950801849365,0,0,9.012483596801758,0,2.079441547393799
0.2812253534793854,0,0,7.276227951049805,0,0.0
-2.8945984840393066,1,0,8.266014099121094,0,2.397895336151123
-0.43690282106399536,1,0,9.31352424621582,0,2.5649492740631104
-0.6020545363426208,0,0,9.357267379760742,0,0.0
-1.9090354442596436,0,0,6.623002529144287,1,2.3025851249694824
-0.4497583210468292,1,0,8.150989532470703,0,0.0
0.07763655483722687,1,0,6.903982639312744,0,0.0
6.730255126953125,0,0,6.806798934936523,1,1.945910096168518
2.438795804977417,1,0,6.806798934936523,0,1.945910096168518
-9.847272872924805,0,0,6.238900661468506,0,1.0986123085021973
4.485950946807861,1,0,5.724401950836182,1,1.7917594909667969
-1.995232343673706,1,0,9.908985137939453,0,0.0
-0.13943973183631897,1,0,9.184690475463867,0,0.0
0.06767519563436508,0,0,8.686989784240723,0,0.0
2.6477346420288086,0,0,8.917531967163086,0,2.6390573978424072
0.9447383880615234,0,0,6.055608749389648,1,0.0
0.06795834004878998,0,0,6.055608749389648,1,0.0
0.022586440667510033,0,0,6.1111860275268555,1,1.6094379425048828
-0.7402098178863525,1,0,7.629576683044434,0,0.0
-1.7872092723846436,1,0,7.683772563934326,1,0.0
2.5663869380950928,0,0,7.289217948913574,0,0.0
3.4323134422302246,1,0,9.485692024230957,0,0.0
-1.2814823389053345,1,0,9.739968299865723,1,0.6931471824645996
1.425801396369934,0,0,8.579072952270508,0,0.0
0.22185154259204865,0,0,9.077880859375,1,2.8332133293151855
-5.479232311248779,1,0,9.300729751586914,0,2.995732307434082
4.630661964416504,1,0,9.50963020324707,1,0.0
-4.886626720428467,1,0,9.322797775268555,0,2.7725887298583984
0.3190237879753113,1,0,9.30116081237793,0,2.5649492740631104
-3.5671615600585938,1,0,9.464271545410156,0,0.0
-0.024599557742476463,0,0,8.94974422454834,0,0.0
1.8027267456054688,0,0,9.098990440368652,0,2.5649492740631104
-3.7877230644226074,1,0,7.662637233734131,0,2.079441547393799
13.62091064453125,1,0,6.918826103210449,1,3.332204580307007
0.8283309936523438,0,0,10.29457950592041,0,0.0
-0.395781546831131,1,0,10.34559154510498,0,2.944438934326172
-1.5559486150741577,1,0,10.028671264648438,0,0.0
-1.6724979877471924,1,0,7.097416400909424,0,1.6094379425048828
0.8198390007019043,1,0,7.963732719421387,1,1.6094379425048828
-3.0902023315429688,0,0,9.112771987915039,0,2.1972246170043945
-0.1770872175693512,0,0,9.321370124816895,0,0.0
-0.09646117687225342,1,0,9.403779029846191,0,2.6390573978424072
-1.5100229978561401,1,0,6.427709102630615,0,2.079441547393799
0.7989915609359741,1,0,6.46737003326416,0,1.3862943649291992
-3.1795990467071533,1,1,7.917751312255859,0,0.0
1.1986817121505737,1,0,5.860074996948242,1,0.0
-1.3692432641983032,0,0,6.053500652313232,0,1.6094379425048828
0.496656209230423,1,0,10.259031295776367,0,2.995732307434082
1.4736677408218384,0,0,6.022702217102051,0,0.0
-7.1717529296875,1,0,7.808676719665527,0,2.6390573978424072
-1.3063445091247559,0,0,6.565279006958008,0,0.6931471824645996
-0.8172492980957031,1,0,6.593230247497559,0,0.0
-2.328110456466675,1,0,6.967043399810791,0,0.0
0.7700048685073853,0,0,8.3378267288208,0,3.332204580307007
-1.0948610305786133,0,1,8.066529273986816,0,3.295836925506592
1.2745981216430664,1,0,6.4805378913879395,1,0.0
-2.8265790939331055,1,0,7.037980079650879,0,1.6094379425048828
1.6377310752868652,1,0,6.428844928741455,0,0.0
-3.905545949935913,0,0,5.710376739501953,0,1.0986123085021973
-6.386661529541016,1,0,5.98543643951416,0,0.0
-3.3957905769348145,0,0,7.382104873657227,0,2.4849066734313965
-10.350709915161133,1,0,6.64859676361084,0,1.945910096168518
-1.484864354133606,1,0,5.995203971862793,1,0.0
15.684486389160156,1,0,6.941244125366211,0,0.0
-0.2933672368526459,0,0,11.118008613586426,1,0.0
1.5194332599639893,1,0,6.277275085449219,0,1.3862943649291992
1.7353754043579102,1,0,7.93599796295166,0,3.044522523880005
-1.3413513898849487,0,0,8.167561531066895,0,2.397895336151123
0.01948787458240986,1,0,8.010313987731934,0,0.0
-1.6122552156448364,1,0,8.850936889648438,1,2.8332133293151855
-1.4498095512390137,1,0,9.180567741394043,0,2.890371799468994
-0.5522239208221436,1,0,6.733783721923828,0,0.0
-0.2400057315826416,1,0,7.540706634521484,1,0.0
-0.7443459033966064,1,0,8.068497657775879,0,2.079441547393799
3.264575719833374,0,0,6.205569267272949,0,0.0
-4.34630012512207,0,0,6.069727420806885,0,0.0
-5.479058742523193,0,0,7.290334224700928,0,2.4849066734313965
-0.8268824815750122,1,0,7.290334224700928,0,2.4849066734313965
15.130021095275879,0,0,7.98643159866333,1,0.0
-0.978641152381897,0,0,7.98643159866333,0,0.0
-4.743921756744385,1,0,5.712494373321533,1,0.0
-3.4657139778137207,0,0,8.75078010559082,0,2.397895336151123
-0.2552134692668915,0,0,8.500276565551758,0,0.0
-0.8048707842826843,0,0,8.175046920776367,0,0.0
1.4457569122314453,1,0,9.791281700134277,0,0.0
-1.3018418550491333,1,0,9.588751792907715,1,0.0
1.1099275350570679,1,0,5.803289413452148,1,1.3862943649291992
-1.5209190845489502,1,0,7.141777992248535,1,1.0986123085021973
6.0670623779296875,0,0,7.415107250213623,1,1.3862943649291992
-4.671842575073242,1,0,9.11749267578125,0,0.0
0.28961989283561707,1,0,9.230626106262207,0,0.0
0.9478988647460938,1,0,9.109308242797852,0,0.0
-0.4678036868572235,1,0,9.165810585021973,1,2.7725887298583984
-11.282098770141602,1,0,5.903289318084717,0,0.0
-5.955442428588867,1,0,11.877354621887207,0,0.0
-1.3408451080322266,1,0,11.592916488647461,0,0.0
0.6027781367301941,1,0,11.715471267700195,0,0.0
-0.4745980501174927,1,0,11.558512687683105,0,0.0
-2.9615354537963867,0,0,6.883200168609619,0,2.079441547393799
-1.6920232772827148,1,0,6.30224084854126,0,1.6094379425048828
-0.6630726456642151,1,0,8.889986038208008,1,2.8332133293151855
-6.166987419128418,1,0,9.45376968383789,1,2.8332133293151855
1.0439081192016602,0,0,11.047694206237793,0,3.4339871406555176
1.5394707918167114,1,0,9.195891380310059,0,0.0
1.4708675146102905,1,0,12.468074798583984,0,3.1354942321777344
0.2851731479167938,1,0,12.366454124450684,0,0.0
-0.6499528884887695,1,0,11.898463249206543,1,0.0
2.160796880722046,1,0,7.625362873077393,0,0.0
-0.66429203748703,0,0,8.339679718017578,0,2.397895336151123
-3.2878830432891846,0,0,6.966546058654785,0,1.3862943649291992
3.5641932487487793,0,0,6.86992883682251,0,2.70805025100708
9.522290229797363,1,0,9.59038257598877,0,3.1354942321777344
0.04362804815173149,1,0,8.95655345916748,0,2.70805025100708
3.473381519317627,1,0,9.65812873840332,0,0.0
0.17084066569805145,1,0,9.818340301513672,1,2.944438934326172
-0.35410916805267334,1,0,9.488641738891602,0,0.0
-1.2053179740905762,0,0,9.347500801086426,0,0.0
-3.144609212875366,0,0,8.675590515136719,0,0.0
0.49821871519088745,0,0,9.241835594177246,0,2.7725887298583984
1.3539725542068481,1,0,9.37936019897461,1,2.079441547393799
1.197505235671997,1,0,9.343655586242676,0,0.0
0.10015995055437088,1,0,9.277043342590332,0,0.0
-3.357189178466797,1,0,7.810873031616211,1,2.70805025100708
2.250298023223877,0,0,5.99975061416626,0,1.7917594909667969
-3.002016544342041,0,0,6.269694805145264,0,1.3862943649291992
-5.0981125831604,0,0,5.771610736846924,1,0.0
0.3492926061153412,1,0,7.885931015014648,0,2.5649492740631104
4.456371307373047,1,0,7.365006446838379,0,2.6390573978424072
1.4782356023788452,0,0,8.226848602294922,1,0.0
-0.93415766954422,0,1,8.041596412658691,1,0.0
0.861995279788971,1,0,8.59327507019043,0,2.3025851249694824
-1.2731767892837524,1,0,8.800951957702637,0,0.0
-0.9369087815284729,0,0,8.990928649902344,0,2.5649492740631104
1.3726072311401367,0,0,6.77734375,0,0.0
-0.8747586607933044,1,0,6.511399745941162,0,1.6094379425048828
-5.9578657150268555,1,0,7.541416645050049,0,0.0
-0.33965185284614563,1,0,9.206746101379395,1,0.0
-0.6518515944480896,1,0,10.420778274536133,0,2.4849066734313965
3.5503811836242676,0,0,8.858406066894531,0,0.0
8.399991989135742,0,0,7.947849750518799,0,0.0
-3.3970983028411865,0,0,9.546358108520508,0,0.0
-2.0873255729675293,1,0,9.980952262878418,1,2.890371799468994
0.8100002408027649,0,0,7.509418487548828,0,0.0
-4.461343765258789,0,0,6.61228609085083,0,0.0
2.1309077739715576,0,0,6.972581386566162,0,2.890371799468994
-0.39768534898757935,1,0,7.46862268447876,0,0.0
-1.949101209640503,0,0,6.201714515686035,0,0.0
-4.111189365386963,1,0,5.790739059448242,1,0.0
-1.1115814447402954,0,0,5.7746124267578125,1,0.6931471824645996
5.645673751831055,0,0,6.7104105949401855,1,1.6094379425048828
0.10553058236837387,1,0,7.545852184295654,0,0.0
-0.5376158952713013,1,0,8.103259086608887,0,0.0
-2.2903339862823486,1,0,9.4614896774292,0,2.6390573978424072
0.9666308164596558,0,0,8.364980697631836,0,2.6390573978424072
2.6178297996520996,0,0,7.992841720581055,0,2.5649492740631104
6.7004618644714355,1,0,6.887266635894775,0,0.6931471824645996
-3.4664125442504883,1,0,8.990013122558594,0,2.7725887298583984
2.881723403930664,1,0,10.722704887390137,0,3.2188758850097656
0.8155428171157837,0,0,7.640575885772705,0,1.6094379425048828
2.6646194458007812,1,0,7.806553840637207,1,0.0
-0.26591381430625916,1,0,8.029631614685059,1,1.6094379425048828
-1.0338480472564697,1,0,8.02476978302002,1,1.0986123085021973
-4.835989952087402,1,0,9.063531875610352,0,0.0
3.6867575645446777,1,0,8.598751068115234,1,0.0
8.23282527923584,1,0,7.285552024841309,0,0.0
10.383222579956055,1,0,8.482728958129883,1,2.4849066734313965
-0.4705479145050049,1,0,7.332469463348389,0,0.0
-1.804256558418274,1,0,7.202343463897705,0,0.6931471824645996
-0.47828587889671326,0,0,8.859786033630371,0,0.0
3.0075109004974365,1,0,7.564485549926758,0,0.0
4.574705123901367,1,0,7.383337497711182,0,0.0
-4.092904090881348,0,0,6.633674621582031,0,0.6931471824645996
-6.8911213874816895,0,0,6.4291534423828125,0,0.0
5.112092018127441,1,0,7.374397277832031,1,0.0
-0.2229308933019638,1,0,8.27222728729248,1,0.0
1.9401545524597168,1,0,7.790107250213623,0,1.945910096168518
5.1797943115234375,1,0,7.8676557540893555,1,0.0
2.648519515991211,0,0,6.062684059143066,1,0.0
-3.1946420669555664,0,0,7.595773696899414,0,0.0
0.041841283440589905,1,0,6.119588851928711,0,0.0
1.5048680305480957,0,0,6.336780071258545,1,1.0986123085021973
15.966778755187988,1,0,11.01041030883789,1,0.0
-1.6979117393493652,1,0,10.826005935668945,0,3.295836925506592
-0.08751467615365982,1,0,10.999458312988281,1,3.25809645652771
-0.376120924949646,1,0,11.079153060913086,1,3.178053855895996
2.71401309967041,1,0,8.783930778503418,1,0.0
-1.4346941709518433,1,0,8.573657989501953,0,3.044522523880005
1.4611287117004395,1,0,9.940048217773438,0,0.0
-2.878946304321289,1,0,7.772140026092529,0,0.0
0.7716051340103149,1,0,8.092082023620605,0,0.0
0.5261687636375427,1,0,8.99657917022705,0,0.0
1.445108413696289,0,0,8.711087226867676,0,0.0
0.37714657187461853,1,0,9.051886558532715,0,0.0
0.5311780571937561,0,0,8.976141929626465,0,0.0
1.1093472242355347,1,0,9.114507675170898,0,2.4849066734313965
-2.356170415878296,1,0,10.153840065002441,0,2.4849066734313965
-0.7009838819503784,1,0,10.559816360473633,0,0.0
0.3739747405052185,1,0,10.654450416564941,1,2.8332133293151855
8.569195747375488,1,0,7.9893798828125,0,2.5649492740631104
-1.3373613357543945,0,0,7.383965492248535,0,0.0
-1.4414609670639038,0,1,6.303899765014648,0,0.0
4.253061771392822,1,0,6.302618980407715,0,0.0
-1.9267781972885132,1,1,10.50136661529541,0,0.0
4.404164791107178,1,0,9.689902305603027,0,3.0910425186157227
-0.7988678216934204,0,0,10.639334678649902,0,0.0
1.6213562488555908,1,0,8.442487716674805,1,0.0
-0.44697636365890503,0,1,8.43496036529541,0,0.0
1.630110502243042,1,0,7.431331634521484,0,2.079441547393799
1.8587312698364258,1,0,9.344682693481445,0,0.0
4.600586891174316,1,1,9.356006622314453,1,0.0
-4.810384273529053,0,0,9.055097579956055,0,0.0
0.8584961295127869,1,0,9.045467376708984,1,2.1972246170043945
3.7376363277435303,1,0,8.949748039245605,0,0.0
-2.7411274909973145,1,0,8.949869155883789,0,0.0
4.558392524719238,0,0,8.643050193786621,0,2.397895336151123
-2.190094232559204,1,0,8.22282600402832,0,2.079441547393799
2.511110782623291,0,0,8.368203163146973,1,0.0
-1.0092058181762695,0,0,8.394536972045898,0,2.1972246170043945
-0.9122207164764404,0,0,8.594476699829102,0,2.397895336151123
1.5088331699371338,1,0,8.899728775024414,0,0.0
1.465047836303711,1,0,9.128888130187988,0,2.70805025100708
2.1094789505004883,1,0,8.199414253234863,1,0.0
0.3054080903530121,1,0,7.024223327636719,1,0.0
2.45284104347229,1,0,6.6994404792785645,0,0.0
-2.9099385738372803,1,0,8.48443603515625,1,2.6390573978424072
5.931240081787109,1,0,6.7448906898498535,1,0.0
-0.5372558832168579,0,0,9.284124374389648,0,0.0
0.8896094560623169,0,0,5.930497169494629,0,0.0
-2.9128005504608154,0,0,5.887332916259766,0,0.0
-1.5564303398132324,1,0,10.262593269348145,0,1.945910096168518
-0.3680463433265686,1,0,10.164253234863281,0,2.890371799468994
-1.104011058807373,1,0,10.291630744934082,0,0.0
-4.414629936218262,1,0,7.518693447113037,0,0.0
3.7481284141540527,0,0,7.686135768890381,1,0.0
0.11654156446456909,0,0,7.33950138092041,1,0.0
-4.802926063537598,1,0,6.810248374938965,0,2.5649492740631104
11.824971199035645,0,0,7.21174430847168,0,0.0
1.0091373920440674,1,0,7.638402938842773,0,0.0
4.096217155456543,0,0,6.327540397644043,1,0.0
-4.274764060974121,0,0,7.294590950012207,0,2.1972246170043945
0.4995850622653961,0,0,7.790487289428711,1,0.0
1.9913935661315918,0,0,7.872622013092041,1,2.3025851249694824
0.639398455619812,0,0,8.21142864227295,1,2.3025851249694824
1.6042251586914062,1,0,8.41962718963623,1,0.0
0.466327041387558,0,0,8.678689956665039,0,0.0
-3.9122443199157715,0,0,5.901315212249756,0,0.0
-5.027847766876221,0,0,6.067305088043213,0,1.945910096168518
5.1694655418396,0,0,6.689085006713867,0,2.397895336151123
-1.1026166677474976,1,0,6.333162307739258,0,2.079441547393799
-0.4410024881362915,0,0,5.8903608322143555,0,1.945910096168518
-1.266324520111084,0,0,6.093045711517334,0,1.3862943649291992
-8.386170387268066,1,0,5.990209102630615,0,1.3862943649291992
-1.440555453300476,1,0,12.513559341430664,0,0.0
-1.5070799589157104,1,0,12.887579917907715,1,0.0
-0.5920323133468628,1,0,7.332611083984375,0,1.7917594909667969
1.86751127243042,1,0,9.267515182495117,0,2.7725887298583984
-1.837611436843872,0,0,9.202123641967773,0,0.0
-0.7673131823539734,0,0,10.001615524291992,0,2.70805025100708
-0.1373514086008072,1,0,5.813259124755859,1,1.7917594909667969
-1.6753008365631104,1,0,8.253454208374023,1,0.0
-6.299170970916748,0,0,6.06678581237793,0,0.0
-0.6921683549880981,1,0,5.782452583312988,0,0.0
1.4379773139953613,1,0,5.8536553382873535,0,0.0
-1.9366623163223267,1,0,5.991329669952393,0,0.6931471824645996
-9.784980773925781,1,0,5.949059963226318,0,0.0
2.684974193572998,1,0,11.141975402832031,0,0.0
-0.17352622747421265,1,0,6.9500017166137695,0,0.0
-0.10192826390266418,0,0,7.11004638671875,0,0.0
2.070514678955078,0,0,6.732834339141846,1,1.7917594909667969
0.40802082419395447,0,0,6.732834339141846,0,0.0
3.856198310852051,1,0,6.476017951965332,0,1.7917594909667969
9.925539016723633,1,0,6.6777663230896,0,0.0
0.9564717411994934,0,0,6.78770637512207,0,0.0
-1.3830381631851196,1,0,9.933734893798828,1,0.0
-5.633332252502441,0,0,7.138459205627441,1,0.0
4.054015159606934,1,1,7.88373327255249,0,1.6094379425048828
-2.403759717941284,0,0,9.705310821533203,1,3.044522523880005
8.191872596740723,1,0,6.918046474456787,0,0.0
-4.1635661125183105,1,0,6.338947296142578,1,0.0
-1.296281099319458,0,0,6.3429484367370605,1,1.3862943649291992
-5.461215496063232,1,0,7.424412727355957,1,0.0
-1.7838245630264282,0,0,8.143953323364258,0,1.6094379425048828
-0.0749216303229332,1,0,9.390873908996582,0,0.0
-1.1899137496948242,1,0,9.507782936096191,0,2.8332133293151855
1.3105634450912476,0,0,10.61343765258789,0,2.995732307434082
-0.04344328120350838,0,0,8.559659004211426,1,2.944438934326172
-0.507290244102478,1,0,10.732566833496094,0,0.0
1.905003309249878,1,0,9.966449737548828,0,3.25809645652771
12.304786682128906,1,0,6.059516906738281,0,0.0
-1.528827428817749,0,0,5.842095375061035,0,0.0
2.9958913326263428,1,0,6.646751880645752,0,0.0
4.726772785186768,0,0,6.93186616897583,0,0.0
1.6315250396728516,1,0,7.415996074676514,1,0.0
1.0868072509765625,1,0,10.355158805847168,0,3.178053855895996
-1.0853543281555176,1,0,10.196320533752441,0,0.0
4.597445011138916,1,0,9.63437557220459,1,2.8332133293151855
-5.445651054382324,1,0,9.676274299621582,1,0.0
1.4315563440322876,0,0,6.343713760375977,1,0.0
2.6922268867492676,1,0,7.055336952209473,1,0.0
3.0272374153137207,0,0,7.099355220794678,0,2.890371799468994
5.404221057891846,0,0,6.253175258636475,0,0.6931471824645996
-3.9707021713256836,1,0,7.3539958000183105,0,0.0
0.5162882208824158,0,0,6.5854668617248535,0,0.0
0.7855539917945862,1,0,6.727853775024414,1,2.1972246170043945
-0.8854945302009583,0,0,7.183478832244873,0,0.6931471824645996
-1.7074285745620728,0,0,7.8695268630981445,0,2.4849066734313965
-1.73117995262146,1,0,9.665776252746582,0,0.0
-0.5230331420898438,1,0,9.76435375213623,0,2.8332133293151855
1.6822232007980347,1,0,9.251778602600098,1,0.0
-0.4667627811431885,1,0,9.721366882324219,0,0.0
4.931786060333252,1,0,9.538232803344727,0,3.178053855895996
-3.5102717876434326,0,0,6.4398932456970215,0,1.0986123085021973
3.690263271331787,1,0,6.082784652709961,0,0.6931471824645996
0.8215734958648682,0,0,6.65484094619751,0,0.0
-1.0830525159835815,0,0,6.164918899536133,0,0.6931471824645996
0.18645799160003662,0,0,6.993987083435059,0,0.0
-1.1219751834869385,1,0,13.073415756225586,1,0.0
-0.4140327274799347,1,0,9.824056625366211,0,2.995732307434082
-0.058345235884189606,1,0,10.848880767822266,0,0.0
-2.665358543395996,1,0,9.935863494873047,0,0.0
8.6292142868042,1,0,9.036956787109375,1,0.0
-2.0120105743408203,1,0,9.558844566345215,0,0.0
-1.894750952720642,1,0,7.997708320617676,0,2.4849066734313965
0.3570309281349182,1,0,8.29302978515625,0,2.3025851249694824
1.9156005382537842,0,0,6.414004325866699,0,2.397895336151123
2.0847251415252686,1,0,6.338079452514648,0,2.1972246170043945
-0.07681553810834885,1,0,6.738475799560547,0,2.397895336151123
1.506378412246704,1,0,6.337310314178467,0,2.3025851249694824
-0.3184327781200409,0,0,8.810206413269043,0,1.7917594909667969
-2.515881299972534,1,0,8.093345642089844,0,2.70805025100708
2.836780309677124,0,0,6.431248664855957,0,0.0
-0.2516676187515259,1,0,10.54638385772705,1,2.944438934326172
-3.406337022781372,0,0,6.108351230621338,0,0.6931471824645996
1.5292333364486694,0,0,6.293356418609619,0,0.6931471824645996
1.3704546689987183,1,0,11.685401916503906,1,0.0
-1.4379302263259888,1,0,11.887030601501465,0,0.6931471824645996
6.294633388519287,0,0,8.602789878845215,0,0.0
1.5048333406448364,1,0,8.079120635986328,0,2.4849066734313965
0.9703279137611389,1,0,7.670697212219238,0,2.4849066734313965
0.24905560910701752,1,0,7.950431823730469,0,0.0
0.11861998587846756,1,0,6.8247270584106445,0,2.079441547393799
-3.9515767097473145,0,0,7.536481857299805,0,0.0
-2.399550676345825,1,0,6.759556770324707,0,1.0986123085021973
4.194551467895508,0,0,6.934004783630371,1,0.6931471824645996
1.4759052991867065,0,0,7.08819580078125,0,0.0
1.959425687789917,1,0,7.879933834075928,0,0.0
1.4753236770629883,1,0,8.265707015991211,1,2.5649492740631104
-1.3748072385787964,0,0,8.81938362121582,0,2.5649492740631104
-1.8309839963912964,1,0,8.673233985900879,0,2.6390573978424072
1.9052270650863647,0,0,7.996315002441406,0,1.6094379425048828
0.1359156370162964,1,0,7.8102946281433105,0,2.397895336151123
-0.4954194724559784,1,0,6.736785888671875,0,2.079441547393799
-1.8247747421264648,0,0,6.455161094665527,1,0.0
-1.5265156030654907,1,0,7.598423957824707,1,2.3025851249694824
-0.4025059938430786,0,0,7.944765090942383,1,2.1972246170043945
1.5482280254364014,0,0,8.51545238494873,0,0.0
-1.042959213256836,1,0,7.586245059967041,0,2.397895336151123
-1.1522103548049927,1,0,8.01888370513916,0,2.397895336151123
-2.869070529937744,1,0,6.05991268157959,0,0.0
0.8841410875320435,1,1,7.69582986831665,0,0.0
-0.23625604808330536,0,0,9.58757495880127,0,0.0
-0.676215648651123,1,0,7.136127948760986,1,0.0
3.472445011138916,0,0,7.2108941078186035,0,0.0
-0.049462199211120605,1,0,9.156726837158203,1,0.0
0.7788864374160767,1,0,9.089256286621094,1,2.7725887298583984
-5.746927261352539,1,0,9.26258373260498,0,2.944438934326172
2.8931949138641357,0,0,9.098936080932617,0,2.944438934326172
1.2822035551071167,1,1,11.413657188415527,0,0.0
7.001082420349121,1,1,10.984158515930176,0,0.0
10.915922164916992,1,0,10.984158515930176,1,0.0
1.0765732526779175,1,0,11.569674491882324,0,0.0
-0.9050589203834534,1,0,7.606409549713135,0,0.0
3.5654261112213135,1,0,7.886236667633057,0,0.0
-0.3540620505809784,1,0,7.685174942016602,0,0.0
-0.6706763505935669,0,0,7.966403484344482,1,0.0
0.22886306047439575,0,0,8.879472732543945,0,0.0
-1.0643550157546997,1,0,8.090560913085938,0,2.4849066734313965
7.520593643188477,1,0,11.62629508972168,1,0.0
4.11427116394043,1,0,11.292999267578125,0,0.0
0.11755820363759995,0,0,7.4131364822387695,0,0.0
-0.6938796639442444,0,0,7.775189399719238,0,0.0
2.8749778270721436,1,0,8.385581970214844,1,2.6390573978424072
3.1793928146362305,1,0,8.890022277832031,0,0.0
0.8707640171051025,1,0,9.165339469909668,1,0.0
0.8780633211135864,1,0,9.4500093460083,0,3.044522523880005
-2.353768825531006,1,0,9.411568641662598,0,0.0
2.8566532135009766,0,0,8.005428314208984,0,0.0
2.3412466049194336,0,0,7.435775279998779,0,1.7917594909667969
0.23140546679496765,1,0,7.912176609039307,0,0.0
-3.1884024143218994,1,0,5.8711018562316895,1,1.3862943649291992
-1.359409213066101,0,0,8.377506256103516,1,0.0
1.5525754690170288,1,0,8.133501052856445,0,2.1972246170043945
-1.6887511014938354,1,0,8.943646430969238,1,2.5649492740631104
0.5345468521118164,1,0,8.11027717590332,1,0.0
0.5793123245239258,0,0,7.125136852264404,0,0.0
-1.2722471952438354,0,0,10.223737716674805,0,0.0
1.3649847507476807,0,0,10.202651977539062,0,0.0
-2.7763259410858154,0,1,6.166841506958008,0,1.0986123085021973
-0.7298710942268372,1,0,10.779285430908203,1,2.1972246170043945
-2.081604242324829,0,0,7.289495468139648,0,0.0
-0.46110084652900696,0,0,7.643811225891113,0,0.0
2.2904038429260254,0,0,5.9501118659973145,1,0.0
-1.474174976348877,1,0,7.332727909088135,1,2.5649492740631104
-0.7828788757324219,1,0,11.893125534057617,0,3.6888794898986816
-0.13240788877010345,1,0,6.33824348449707,1,0.0
-2.2827770709991455,0,0,7.498335361480713,0,2.4849066734313965
-4.537942886352539,0,0,6.190110206604004,0,0.0
-6.410966396331787,1,0,6.081202983856201,0,0.0
-0.6320227384567261,0,0,6.888315677642822,1,0.6931471824645996
-1.3479578495025635,1,0,5.9563469886779785,0,0.0
-1.7160762548446655,1,0,12.169964790344238,0,3.1354942321777344
-3.134799003601074,1,0,12.247394561767578,0,0.0
4.725258827209473,1,0,11.498309135437012,0,3.178053855895996
-0.3344123363494873,1,0,8.072392463684082,0,0.0
-4.535495758056641,0,0,7.787365436553955,0,0.0
-7.492860794067383,1,0,7.403410911560059,0,1.945910096168518
1.1582152843475342,0,0,8.164737701416016,0,0.0
1.3322384357452393,0,0,9.18266487121582,0,0.0
-2.9531428813934326,0,0,9.386736869812012,0,0.0
-18.256072998046875,0,0,6.841882705688477,0,0.0
2.2835588455200195,1,0,9.838693618774414,0,2.8332133293151855
-0.37507903575897217,1,0,7.35591983795166,1,0.0
-0.15936985611915588,1,0,7.35591983795166,1,0.0
1.6822696924209595,0,1,7.615077495574951,0,2.5649492740631104
1.3691033124923706,0,0,7.807868957519531,0,1.945910096168518
-1.5637725591659546,0,0,9.284808158874512,0,0.0
-0.634696364402771,1,0,9.502504348754883,0,2.397895336151123
4.132076263427734,1,0,8.191020011901855,0,2.6390573978424072
0.7917968034744263,1,0,8.664588928222656,0,0.0
1.6451126337051392,1,0,8.646637916564941,0,0.0
0.048927322030067444,1,0,8.557207107543945,0,2.7725887298583984
-3.5572993755340576,0,0,6.979173183441162,0,2.079441547393799
1.2652554512023926,1,0,6.1531243324279785,0,1.7917594909667969
0.8645172715187073,0,0,5.724473476409912,0,0.0
-0.7380301356315613,0,0,7.739297866821289,1,2.079441547393799
1.1784712076187134,0,0,6.222504615783691,0,2.079441547393799
-1.6850385665893555,1,0,7.5451860427856445,0,0.0
-0.13332386314868927,0,0,8.533342361450195,0,0.0
1.1615382432937622,1,0,6.34606409072876,1,1.945910096168518
-0.12008006125688553,0,0,6.269096374511719,1,0.0
0.5920779705047607,1,0,7.0347676277160645,0,1.0986123085021973
2.476633310317993,1,0,8.267478942871094,0,2.3025851249694824
3.6668479442596436,0,0,8.887977600097656,0,2.8332133293151855
2.1090707778930664,0,0,8.944348335266113,0,2.8332133293151855
-2.5911154747009277,1,0,9.685291290283203,0,2.995732307434082
1.5986824035644531,1,0,10.038948059082031,1,2.890371799468994
1.0719631910324097,1,0,8.570159912109375,0,3.2188758850097656
4.046366214752197,0,0,9.058183670043945,0,3.526360511779785
-1.00116765499115,1,0,9.194486618041992,1,3.526360511779785
-0.7187421321868896,1,0,9.091761589050293,0,3.526360511779785
-5.16969108581543,0,0,8.583802223205566,1,2.995732307434082
5.24899959564209,1,0,6.830389022827148,1,0.0
-2.105555295944214,1,0,7.3263773918151855,1,0.0
0.15851987898349762,1,0,7.648707389831543,1,0.0
1.0516798496246338,0,0,7.646690368652344,0,1.0986123085021973
20.734792709350586,1,0,6.56233024597168,0,0.0
1.4541645050048828,0,0,6.56233024597168,0,0.0
-0.49215012788772583,0,0,7.786609172821045,0,0.0
-3.477776288986206,1,0,6.648331165313721,0,2.079441547393799
-0.43833550810813904,1,0,7.0932464599609375,0,0.0
-1.1372534036636353,1,0,9.518815040588379,0,0.0
-2.7484357357025146,1,0,9.822579383850098,0,0.0
0.3484668433666229,1,0,9.889330863952637,1,0.0
3.518723726272583,1,0,6.99919319152832,0,0.0
-2.5689589977264404,0,0,6.665875434875488,0,0.0
0.06748109310865402,1,0,6.881767272949219,0,0.0
-3.3283591270446777,1,0,7.592523574829102,0,0.0
-0.17740754783153534,0,0,7.728580951690674,0,0.0
5.013278007507324,0,0,6.384563446044922,0,0.6931471824645996
-0.8862424492835999,1,0,10.280882835388184,1,2.397895336151123
3.8185837268829346,1,0,8.105819702148438,1,2.6390573978424072
-1.7980220317840576,0,0,8.181053161621094,0,2.70805025100708
-2.244366407394409,1,0,8.6066312789917,0,0.0
1.6583396196365356,0,0,6.87054967880249,0,2.079441547393799
3.601392984390259,0,0,6.180009841918945,0,2.079441547393799
1.3133310079574585,1,0,7.106431484222412,0,0.0
-0.39251890778541565,1,0,6.983643054962158,0,0.0
-4.629370212554932,1,0,8.287833213806152,0,0.0
3.321530818939209,1,0,6.245887756347656,0,1.945910096168518
6.3638458251953125,0,0,5.932765483856201,0,1.0986123085021973
2.6955008506774902,0,0,5.776957035064697,1,1.0986123085021973
-2.7557179927825928,1,0,8.429742813110352,0,0.0
-0.8055889010429382,0,0,8.415467262268066,0,0.0
-0.5083523988723755,0,0,7.84137487411499,1,2.079441547393799
-0.4285365343093872,1,0,9.19644546508789,1,2.70805025100708
0.6807267665863037,1,0,8.048430442810059,0,2.7725887298583984
-0.973880410194397,1,0,8.877218246459961,0,0.0
-0.6345113515853882,1,0,11.015876770019531,0,3.2188758850097656
0.49465030431747437,1,0,10.975506782531738,0,2.995732307434082
-0.01313364040106535,1,0,7.247951984405518,0,0.0
5.742042541503906,1,0,8.983691215515137,0,2.7725887298583984
-1.3362199068069458,1,0,9.865723609924316,1,0.0
0.43724921345710754,1,1,8.23232364654541,0,0.0
0.20323802530765533,1,1,8.30241870880127,1,2.4849066734313965
4.595703601837158,1,0,9.559080123901367,0,0.0
-1.4630546569824219,1,0,9.92734146118164,0,0.0
0.7296064496040344,1,0,10.099502563476562,0,2.944438934326172
-0.1699390560388565,1,0,9.777220726013184,1,0.0
7.770627498626709,0,0,9.225672721862793,0,3.295836925506592
1.1188099384307861,0,0,5.786114692687988,1,0.6931471824645996
10.42426586151123,0,0,6.673227787017822,1,0.0
0.4359775483608246,1,0,6.756834983825684,1,0.0
4.651919364929199,0,0,5.85025691986084,0,0.0
1.2316656112670898,0,0,6.491336345672607,0,0.6931471824645996
0.5734918713569641,0,0,7.955742359161377,0,0.0
-0.5819764137268066,0,0,10.193424224853516,0,0.0
-2.5601203441619873,1,0,10.615530014038086,0,0.0
2.016411781311035,1,0,10.84754467010498,0,3.1354942321777344
-0.6101929545402527,1,0,7.393540382385254,0,0.0
-1.4223777055740356,0,0,6.6958842277526855,0,1.945910096168518
-1.7029885053634644,0,0,7.768406391143799,0,0.0
-0.3327557444572449,1,0,8.092592239379883,0,0.0
-1.4641684293746948,1,0,8.303438186645508,0,1.945910096168518
3.653651237487793,0,1,6.676926136016846,0,0.0
1.961730718612671,0,1,6.622757434844971,0,0.0
5.749223709106445,1,0,5.837418556213379,1,1.3862943649291992
-0.14485591650009155,0,0,5.752455234527588,0,0.0
-0.7155250906944275,0,0,6.112695693969727,1,0.0
-7.18518590927124,1,1,8.573519706726074,0,2.8332133293151855
-0.7496607303619385,1,0,8.862525939941406,0,0.0
2.1830146312713623,0,0,6.581701755523682,0,1.6094379425048828
-2.1432979106903076,0,0,6.293046474456787,0,0.0
1.3063297271728516,1,0,7.519624710083008,0,0.0
-4.456870079040527,1,0,9.369087219238281,0,1.3862943649291992
-29.264202117919922,1,0,10.08890151977539,1,2.944438934326172
0.1548115760087967,1,0,9.688420295715332,0,2.995732307434082
0.7287204265594482,1,0,9.601041793823242,0,0.0
-1.7794508934020996,0,0,9.530594825744629,0,2.890371799468994
2.150484800338745,0,0,8.705799102783203,0,2.890371799468994
0.4964325726032257,0,0,9.103891372680664,0,0.0
0.8717436790466309,0,0,9.164299011230469,0,2.890371799468994
0.61324143409729,1,0,9.095080375671387,0,0.0
-2.3591864109039307,1,0,9.239706039428711,0,2.70805025100708
16.701480865478516,1,0,8.627822875976562,1,1.7917594909667969
-0.7007050514221191,1,0,7.228616237640381,1,2.397895336151123
8.016755104064941,1,0,7.1898393630981445,0,2.890371799468994
-1.365940809249878,1,0,7.1898393630981445,0,2.890371799468994
3.71905255317688,1,0,9.318760871887207,0,0.0
-0.9306685924530029,1,0,7.709779739379883,1,0.0
0.8782095909118652,0,0,8.524660110473633,1,0.0
4.008428573608398,1,0,9.922929763793945,0,2.944438934326172
-1.643425703048706,1,0,10.490748405456543,0,0.0
2.120143175125122,1,0,10.614302635192871,0,3.044522523880005
1.0651031732559204,1,0,10.786835670471191,0,0.0
0.6540974378585815,1,0,6.962133884429932,1,0.0
1.9593437910079956,1,0,11.00333023071289,0,0.0
-0.04696955904364586,1,0,11.010738372802734,0,3.465735912322998
-2.927041530609131,1,0,9.563118934631348,0,0.0
2.0802361965179443,0,0,6.963171005249023,0,0.0
-2.1635234355926514,1,0,7.279829978942871,0,1.945910096168518
-0.6410157680511475,1,0,7.17621374130249,1,0.0
-1.4528608322143555,0,0,7.480496406555176,0,0.0
0.5472532510757446,1,0,7.8759050369262695,1,0.0
-3.4104199409484863,1,0,11.752638816833496,0,3.2188758850097656
0.3316044509410858,1,0,11.122842788696289,0,0.0
-1.6308976411819458,1,0,11.456518173217773,0,0.0
-0.5151581168174744,1,0,7.928281784057617,0,0.0
0.9379984736442566,1,0,10.81730842590332,0,2.890371799468994
5.2792067527771,1,0,10.461408615112305,0,3.178053855895996
-0.587236762046814,1,0,11.182034492492676,1,2.995732307434082
4.097084999084473,1,0,10.824698448181152,1,2.890371799468994
3.037025213241577,0,0,5.997587203979492,0,0.6931471824645996
2.6025638580322266,0,0,6.1904377937316895,0,0.0
3.6570332050323486,0,0,5.951813697814941,0,0.0
1.969874382019043,1,0,9.59702205657959,0,0.0
0.8583343625068665,0,0,9.940555572509766,0,2.5649492740631104
-0.44633743166923523,0,0,7.039651393890381,0,0.0
-1.167263388633728,1,0,7.835033416748047,0,0.0
1.9305322170257568,0,0,7.661642551422119,0,2.5649492740631104
0.21941469609737396,0,0,7.681421756744385,1,2.3025851249694824
0.6253223419189453,0,0,7.320475101470947,0,0.0
0.8177258968353271,0,0,7.266074180603027,0,0.0
15.025800704956055,1,0,10.77327823638916,0,0.0
-0.5352020859718323,1,0,10.976383209228516,1,0.0
3.2097277641296387,1,0,7.665400981903076,0,0.0
-0.6472297310829163,0,0,7.890350341796875,0,0.0
7.702667713165283,0,0,6.148309230804443,1,0.0
12.176154136657715,1,0,6.486120223999023,0,0.0
-2.8322913646698,0,0,9.272859573364258,0,1.945910096168518
-0.6632776856422424,1,0,8.641313552856445,0,0.0
-21.895273208618164,1,0,10.420578956604004,0,0.0
2.1454734802246094,1,0,10.396408081054688,1,0.0
-8.778429985046387,1,0,10.618860244750977,1,3.610917806625366
-3.993945360183716,1,0,9.951008796691895,1,3.367295742034912
-2.4984257221221924,1,0,8.237431526184082,0,2.890371799468994
-0.6709848642349243,0,0,5.70970344543457,1,0.0
-0.19162599742412567,1,0,6.072871685028076,0,0.0
-1.7668347358703613,0,0,8.17697811126709,1,2.5649492740631104
1.1181720495224,1,0,8.275869369506836,0,2.5649492740631104
-0.07987885922193527,1,0,11.212162971496582,0,2.995732307434082
-16.248268127441406,1,0,8.425889015197754,1,0.0
14.013744354248047,1,0,7.459798336029053,0,2.1972246170043945
-4.479088306427002,1,0,8.676223754882812,1,0.0
-5.503783226013184,1,0,6.6981658935546875,0,1.0986123085021973
-2.3672924041748047,1,0,7.563540458679199,0,2.5649492740631104
-1.8839457035064697,1,0,6.565878868103027,0,2.5649492740631104
0.8140128254890442,0,0,5.987725734710693,0,0.0
0.007878795266151428,1,0,10.04844856262207,0,0.0
-1.2125262022018433,0,0,6.9833784103393555,0,1.7917594909667969
0.5295579433441162,0,0,6.946276664733887,0,1.945910096168518
-4.823642253875732,0,0,7.511371612548828,0,2.1972246170043945
0.5185620188713074,0,0,7.876837253570557,0,0.0
4.369874954223633,0,0,5.714603900909424,0,0.6931471824645996
1.0893250703811646,1,0,8.59273910522461,1,3.178053855895996
1.7960870265960693,1,0,8.812392234802246,0,0.0
0.47891101241111755,0,0,8.853781700134277,0,3.0910425186157227
-3.428244113922119,0,0,6.645144462585449,0,0.0
0.10920096933841705,1,1,8.79279899597168,0,2.8332133293151855
5.508777141571045,1,0,8.710314750671387,1,2.995732307434082
1.2024519443511963,1,0,8.771587371826172,0,0.0
-0.8558018803596497,1,0,8.84176254272461,0,2.5649492740631104
3.060286045074463,0,0,7.978002548217773,1,2.8332133293151855
1.367997407913208,1,0,9.77776050567627,0,2.70805025100708
0.8414632081985474,1,0,10.003565788269043,0,0.0
9.205363273620605,0,0,6.46622371673584,0,0.0
-2.797603130340576,0,0,6.206201553344727,0,0.0
1.873948335647583,0,0,6.596840858459473,0,1.945910096168518
-1.1769686937332153,0,0,6.5479912757873535,1,0.0
2.994415521621704,0,0,6.458090305328369,0,0.0
2.2905852794647217,0,0,6.335967540740967,1,0.0
0.8132840991020203,0,0,7.4002604484558105,0,0.0
-3.478649854660034,1,0,10.014970779418945,1,2.70805025100708
-0.28794997930526733,1,0,10.004159927368164,1,0.0
-3.860464572906494,0,0,7.63889217376709,1,0.0
2.334230661392212,1,0,7.116642475128174,0,1.945910096168518
2.6942155361175537,1,0,7.697397708892822,0,3.332204580307007
1.2527416944503784,1,0,9.37392520904541,0,0.0
2.7439897060394287,1,0,9.710169792175293,0,0.0
-1.0296895503997803,1,0,6.7207489013671875,0,2.3025851249694824
0.2363089919090271,0,0,5.7746124267578125,0,0.0
0.21534523367881775,1,0,7.77742338180542,0,0.0
0.886108934879303,0,0,8.815006256103516,0,0.0
3.650594711303711,0,0,8.794075965881348,0,0.0
-0.1882992833852768,1,0,8.968781471252441,1,0.0
-27.25625228881836,1,0,10.141704559326172,0,3.610917806625366
0.9880180358886719,1,0,9.319404602050781,1,3.332204580307007
6.670562267303467,1,0,9.557168960571289,1,0.0
-1.1293995380401611,1,0,9.345519065856934,0,0.0
8.617687225341797,1,0,9.065646171569824,1,0.0
0.2937639653682709,1,0,10.001655578613281,1,0.0
2.834259033203125,1,0,8.784014701843262,0,2.5649492740631104
0.2689206302165985,0,0,6.351806163787842,0,0.0
3.983405590057373,0,0,6.43797492980957,0,0.0
-3.756260871887207,0,0,6.540102005004883,0,1.3862943649291992
0.7472834587097168,1,0,6.904268741607666,0,0.0
-1.8815001249313354,0,0,7.054391860961914,0,0.0
0.7516167163848877,0,0,7.10896635055542,0,1.7917594909667969
0.6521676182746887,1,0,7.023613929748535,0,0.0
1.9265109300613403,1,0,6.805078029632568,1,0.0
0.14123299717903137,1,0,11.466717720031738,0,0.0
-0.04734409973025322,1,0,11.496277809143066,0,3.044522523880005
0.3363516628742218,1,0,11.680546760559082,0,0.0
1.9467978477478027,0,0,7.848507881164551,1,0.0
-1.9038106203079224,0,0,7.8976616859436035,0,0.0
8.525931358337402,1,0,7.760357856750488,0,2.8332133293151855
0.017754919826984406,0,0,9.724738121032715,0,2.944438934326172
0.8838455677032471,0,0,6.361825942993164,1,0.0
-5.1908488273620605,0,0,6.047717571258545,1,0.0
3.8952698707580566,1,0,11.059950828552246,0,0.0
-2.578812599182129,0,0,7.813395977020264,0,0.0
0.7824084162712097,1,0,6.04078483581543,0,2.079441547393799
-5.038869857788086,0,0,6.280688762664795,0,0.0
-4.160367965698242,0,0,6.464030742645264,1,1.945910096168518
0.7277190685272217,1,0,8.794047355651855,0,1.945910096168518
-0.04690678045153618,1,0,9.359642028808594,0,2.5649492740631104
-4.030325412750244,0,0,6.715639114379883,0,2.397895336151123
0.3529324233531952,1,0,8.01906967163086,0,0.6931471824645996
-1.082219123840332,0,0,7.171915054321289,0,1.945910096168518
-0.5212569236755371,0,0,8.038714408874512,1,0.0
1.7792943716049194,1,0,7.056641578674316,0,1.0986123085021973
-1.3150670528411865,0,0,8.470612525939941,0,0.0
2.9901959896087646,0,0,7.108734607696533,1,1.3862943649291992
0.0573972724378109,1,0,6.982098579406738,0,1.7917594909667969
-0.4608938694000244,0,0,8.335021018981934,0,1.3862943649291992
-0.6434539556503296,1,0,7.639560222625732,1,1.3862943649291992
6.16465950012207,0,0,7.9535417556762695,0,2.3025851249694824
-2.009626626968384,0,0,6.314863681793213,1,1.0986123085021973
-2.880197763442993,1,0,9.48137378692627,1,3.044522523880005
-0.07250755280256271,1,0,9.392090797424316,0,0.0
0.14548324048519135,1,0,9.134262084960938,0,2.4849066734313965
-0.12935706973075867,0,0,8.58419132232666,0,0.0
0.8181979656219482,1,0,9.481183052062988,0,0.0
0.019816478714346886,1,0,8.152029037475586,0,0.0
-0.4771774113178253,1,0,8.981346130371094,0,1.945910096168518
-1.117025375366211,1,0,9.352176666259766,1,0.0
1.3337892293930054,1,0,6.105062961578369,1,1.3862943649291992
-6.1284308433532715,1,0,6.41357421875,0,0.0
-0.9416326284408569,0,0,6.756115436553955,1,1.0986123085021973
-1.3916585445404053,0,0,8.359553337097168,0,0.0
-1.1582204103469849,0,0,8.344562530517578,1,1.945910096168518
4.85929012298584,0,0,7.746860504150391,0,0.0
-3.731828451156616,0,0,6.459222316741943,0,2.5649492740631104
0.04137839749455452,0,0,6.910126686096191,1,0.0
-1.2260226011276245,1,0,8.5209321975708,0,0.0
-4.554587364196777,1,0,8.439279556274414,0,2.7725887298583984
0.15376271307468414,1,0,8.44274616241455,0,2.890371799468994
-1.399216890335083,1,0,8.858260154724121,0,2.944438934326172
-0.2817460596561432,0,0,9.093859672546387,0,0.0
1.2551424503326416,1,0,9.325549125671387,1,0.0
0.6032136082649231,1,0,7.782978534698486,0,0.0
13.545260429382324,1,0,8.344891548156738,1,2.70805025100708
-7.400078773498535,1,0,9.130813598632812,1,0.0
0.14726833999156952,0,0,9.356785774230957,0,0.0
0.5945096611976624,0,0,9.331218719482422,0,0.0
1.5331708192825317,0,0,9.321166038513184,0,0.0
-1.687819004058838,0,0,7.162589073181152,0,0.0
4.800690174102783,1,0,7.071761608123779,0,0.0
-0.5790261030197144,1,0,7.702112674713135,0,2.079441547393799
-9.426312446594238,0,0,7.871067523956299,0,0.0
2.0819947719573975,0,0,7.241719722747803,0,0.0
-1.9846453666687012,1,0,6.893476486206055,0,0.0
0.65725177526474,1,0,6.092325687408447,1,0.0
6.393117904663086,0,0,6.699685096740723,0,1.3862943649291992
-4.712933540344238,0,0,7.090386867523193,0,0.0
4.997569561004639,0,0,5.9468584060668945,1,0.0
1.1370415687561035,1,1,11.079699516296387,0,2.70805025100708
1.2768365144729614,1,1,11.58448314666748,0,2.5649492740631104
2.7029306888580322,1,0,6.461214542388916,0,1.3862943649291992
9.66852855682373,0,0,5.87997579574585,0,2.1972246170043945
1.621377944946289,1,0,11.855025291442871,0,0.0
-4.641132831573486,1,0,12.555011749267578,0,3.178053855895996
0.4092651605606079,1,0,12.050180435180664,1,0.0
8.844826698303223,1,0,7.981616020202637,0,2.70805025100708
-3.576617956161499,0,0,8.337884902954102,0,2.70805025100708
0.7389344573020935,0,0,9.744298934936523,0,0.0
-1.3783434629440308,1,0,10.626289367675781,0,0.0
3.0186197757720947,1,0,10.869420051574707,0,0.0
-3.1314449310302734,1,0,11.600957870483398,0,0.0
-0.9021556973457336,1,0,6.765612602233887,0,1.0986123085021973
-2.71754789352417,1,0,7.4697265625,0,2.4849066734313965
1.181904673576355,1,0,7.4697265625,0,0.0
-1.1588778495788574,1,0,7.985876083374023,0,0.0
0.17410773038864136,0,0,7.004159927368164,0,1.6094379425048828
7.594964504241943,1,0,6.368573188781738,1,2.995732307434082
-2.0743391513824463,1,0,6.1569952964782715,0,2.1972246170043945
-1.4962635040283203,1,0,9.2272310256958,0,0.0
-0.502686083316803,1,0,9.208359718322754,1,0.0
-3.2196507453918457,1,0,9.015069961547852,0,2.944438934326172
-0.5344642400741577,1,0,5.8144917488098145,1,0.0
-2.8301689624786377,0,0,7.63574743270874,1,2.079441547393799
-0.5630722641944885,1,0,7.311338901519775,1,0.0
0.5223983526229858,0,0,7.439128875732422,1,1.6094379425048828
1.3279870748519897,0,0,8.093944549560547,1,0.0
0.9619892239570618,1,0,8.056848526000977,0,1.945910096168518
0.6848235130310059,0,0,8.512886047363281,1,0.0
-1.4836286306381226,1,0,6.352662086486816,0,0.0
-6.758903980255127,0,0,7.564272403717041,0,0.0
-10.208276748657227,1,0,11.222049713134766,0,2.8332133293151855
-0.37518611550331116,1,0,7.594202518463135,0,2.3025851249694824
-2.2103495597839355,0,0,7.591698169708252,0,2.6390573978424072
0.5335569381713867,0,0,9.643805503845215,1,0.0
0.7181887030601501,1,0,9.954240798950195,0,1.945910096168518
2.0583813190460205,1,0,7.552202224731445,1,0.0
0.6751328706741333,0,0,7.50413179397583,0,0.0
-16.850492477416992,1,0,7.82868766784668,0,0.0
-3.38787841796875,0,0,7.881051063537598,0,0.0
1.4874709844589233,0,0,8.242280960083008,0,2.70805025100708
-0.020970063284039497,0,0,5.731004238128662,0,0.0
10.491071701049805,1,0,5.856024265289307,1,0.0
-2.929699182510376,0,0,7.795478343963623,1,2.4849066734313965
-0.2703222632408142,0,0,7.650582313537598,0,0.0
2.188875198364258,1,0,9.438336372375488,0,2.944438934326172
3.3673012256622314,0,0,7.355342864990234,0,2.6390573978424072
2.0458414554595947,1,0,6.728702545166016,1,1.7917594909667969
-1.4858720302581787,1,0,6.989540100097656,1,0.0
-2.3800127506256104,0,0,7.588132858276367,0,0.0
-1.1897778511047363,0,0,8.195377349853516,0,1.945910096168518
6.569174766540527,1,0,10.063096046447754,0,2.079441547393799
-3.332782745361328,0,0,7.294771194458008,0,0.0
0.34004348516464233,1,0,7.41436767578125,0,1.7917594909667969
-0.38729187846183777,1,0,7.445535182952881,1,0.0
1.4259746074676514,1,0,5.770346641540527,1,1.7917594909667969
1.06948983669281,0,0,8.803524017333984,0,2.7725887298583984
-1.2273900508880615,1,0,9.548349380493164,0,0.0
0.8413803577423096,0,0,6.197486400604248,0,0.0
2.7998948097229004,1,0,6.3983683586120605,0,0.6931471824645996
2.315363645553589,0,0,6.0891642570495605,0,1.6094379425048828
-1.5164772272109985,0,0,5.955232620239258,0,0.6931471824645996
3.7218687534332275,1,0,7.139461994171143,1,0.0
-0.3689008355140686,0,0,7.6099443435668945,0,0.0
0.6867890357971191,0,0,11.727771759033203,0,2.6390573978424072
5.193295955657959,0,0,6.092282295227051,1,0.0
-2.9701194763183594,1,0,6.486451148986816,0,0.6931471824645996
0.7708732485771179,0,0,7.050037384033203,0,0.0
-1.4098408222198486,0,1,6.541512489318848,0,0.6931471824645996
-22.509458541870117,0,0,6.586495876312256,1,0.0
3.0756940841674805,0,0,5.974709510803223,1,0.0
-0.3169153034687042,1,0,5.853546142578125,1,0.6931471824645996
1.1954442262649536,1,0,6.084787845611572,0,1.945910096168518
-1.867612361907959,0,0,6.427971363067627,0,1.3862943649291992
3.5906336307525635,1,0,7.495486259460449,0,2.70805025100708
0.199529230594635,1,0,7.510198593139648,0,1.6094379425048828
-1.462752103805542,0,0,7.03078556060791,0,0.0
-3.2789368629455566,0,0,6.414259910583496,1,0.0
3.059152364730835,0,0,7.515904426574707,0,0.0
5.708154201507568,0,0,7.043631076812744,0,1.945910096168518
-0.1603514701128006,1,0,8.341612815856934,1,2.890371799468994
-1.1205613613128662,1,1,8.85116958618164,1,3.2188758850097656
-4.6668853759765625,1,0,8.564617156982422,0,0.0
-4.903881072998047,1,0,8.78324031829834,0,3.2188758850097656
-1.8698194026947021,0,0,9.269968032836914,0,3.2188758850097656
2.504324436187744,1,0,7.239563465118408,0,1.7917594909667969
-1.6718729734420776,1,0,9.722253799438477,0,0.0
0.8930967450141907,1,1,9.812047004699707,1,0.0
3.1956965923309326,1,1,9.766891479492188,1,2.70805025100708
-1.195492148399353,1,1,9.574514389038086,0,2.7725887298583984
0.09003112465143204,0,0,10.432498931884766,0,3.4339871406555176
4.030808925628662,1,0,6.401435852050781,0,1.3862943649291992
-3.1326448917388916,0,0,8.56593132019043,0,3.044522523880005
0.20846576988697052,0,0,7.3865203857421875,0,0.0
4.347094535827637,1,0,9.297967910766602,0,2.5649492740631104
11.944402694702148,1,0,6.881983757019043,1,0.0
-2.6346962451934814,0,0,7.211658000946045,0,0.0
2.321932315826416,0,0,6.848147869110107,0,0.0
-4.6202392578125,0,0,7.260115146636963,0,1.0986123085021973
-0.6901794075965881,1,0,7.748834133148193,0,1.3862943649291992
-1.1077182292938232,1,0,8.141030311584473,1,2.3025851249694824
2.277796983718872,1,0,8.330889701843262,0,1.3862943649291992
0.7459126710891724,1,0,11.117609977722168,1,0.0
0.4240023195743561,0,0,11.05609130859375,0,0.0
-0.3262881338596344,1,0,8.785296440124512,0,2.3025851249694824
-0.2296541929244995,1,0,7.678346157073975,1,2.1972246170043945
0.09554402530193329,1,0,8.294549942016602,0,0.0
0.07394750416278839,1,0,8.355401039123535,0,2.5649492740631104
-0.1440591961145401,1,0,6.926551342010498,1,0.0
-0.8811727166175842,1,0,6.754063606262207,0,0.0
0.7204142808914185,1,0,7.762797832489014,0,0.0
-0.2977461814880371,0,0,8.059316635131836,0,0.0
-2.3351948261260986,0,0,7.801639556884766,0,1.7917594909667969
-1.3035964965820312,1,0,7.593050956726074,0,1.945910096168518
-0.07678603380918503,0,0,5.9990410804748535,0,0.0
-0.0050469329580664635,0,0,6.283713340759277,0,0.6931471824645996
-0.8795868158340454,0,0,6.490330696105957,0,0.0
-2.49322772026062,1,0,9.115203857421875,0,0.0
0.8146408200263977,1,0,9.801798820495605,0,2.4849066734313965
3.901176929473877,1,0,10.085880279541016,0,2.6390573978424072
-0.04708356410264969,1,0,10.00909423828125,0,0.0
-0.8827189803123474,1,0,6.946379661560059,0,0.0
-2.772016763687134,0,0,8.116995811462402,1,2.1972246170043945
-1.6420907974243164,1,1,9.511863708496094,0,2.7725887298583984
-2.618574857711792,1,0,9.166438102722168,1,0.0
-0.7858479619026184,0,0,6.572393417358398,0,1.0986123085021973
-0.3753766715526581,1,0,6.6952595710754395,0,1.3862943649291992
-0.9954749941825867,0,0,6.743108749389648,0,1.3862943649291992
3.4928395748138428,0,0,7.095688819885254,0,0.0
-1.8585357666015625,1,0,5.885541915893555,0,0.0
0.6816501021385193,1,0,11.461051940917969,0,0.0
-0.8967090845108032,0,0,5.966466426849365,0,2.397895336151123
2.2624757289886475,0,0,9.699495315551758,0,0.0
-0.10378844290971756,0,0,6.39436149597168,0,1.7917594909667969
-0.3190852105617523,1,0,6.109545707702637,1,1.0986123085021973
-2.600750207901001,1,0,5.772372245788574,0,0.0
-0.9055609703063965,0,0,6.459132671356201,0,2.079441547393799
2.0652360916137695,0,0,7.4534993171691895,0,0.0
-2.646907091140747,0,0,5.970069885253906,0,0.6931471824645996
-3.473668336868286,0,0,5.839047431945801,0,1.0986123085021973
1.4480223655700684,1,0,8.156282424926758,1,0.0
4.237589359283447,1,0,9.74631404876709,0,2.7725887298583984
1.0760117769241333,1,0,9.735764503479004,0,0.0
1.3851110935211182,1,0,9.708490371704102,0,0.0
1.230297565460205,1,0,10.225465774536133,0,0.0
4.830415725708008,1,0,6.739476203918457,0,0.0
9.634305953979492,0,0,6.017510890960693,0,0.0
-1.279428482055664,1,0,6.128896713256836,0,0.0
1.1417274475097656,1,0,7.011822700500488,1,0.0
-1.5554372072219849,1,0,5.871472358703613,0,0.0
-0.4430990219116211,0,0,9.519810676574707,1,3.2188758850097656
2.2369544506073,1,0,9.874091148376465,0,0.0
-2.0441479682922363,1,0,7.655353546142578,0,0.0
4.527596473693848,1,1,8.466976165771484,0,0.0
0.43794962763786316,1,0,10.190879821777344,0,3.178053855895996
0.7097899913787842,1,0,10.308004379272461,0,3.332204580307007
-0.6818817853927612,1,0,9.25649642944336,0,0.0
7.493520736694336,0,0,7.9207844734191895,0,2.1972246170043945
-1.373729944229126,0,0,7.526829242706299,0,2.079441547393799
-1.0911277532577515,1,0,8.399596214294434,0,0.0
0.5834386348724365,1,0,7.0022101402282715,0,2.3025851249694824
0.5609803795814514,0,0,6.361435890197754,0,1.945910096168518
-1.194267749786377,0,0,6.6142659187316895,0,2.7725887298583984
0.4071996510028839,1,0,7.134492874145508,0,0.0
11.688360214233398,0,0,7.57578182220459,1,0.0
2.9388656616210938,1,0,8.2681303024292,1,1.7917594909667969
0.8488808870315552,1,0,8.166614532470703,0,2.4849066734313965
1.1183441877365112,1,0,9.475625038146973,0,2.6390573978424072
1.9079387187957764,1,0,9.39470386505127,0,0.0
-1.0348844528198242,1,0,9.786356925964355,0,0.0
-1.7508221864700317,1,0,10.0322265625,0,2.397895336151123
-2.020437240600586,0,0,9.946477890014648,1,2.079441547393799
3.8489339351654053,1,0,7.723171234130859,0,0.0
5.649395942687988,0,0,5.863097667694092,1,1.3862943649291992
-2.3852460384368896,1,0,8.981307029724121,0,3.044522523880005
8.218216896057129,1,0,8.55671215057373,0,3.178053855895996
23.320356369018555,1,0,7.549474239349365,1,0.0
1.0714489221572876,0,0,6.629773139953613,0,0.0
-1.6124452352523804,0,0,5.874199867248535,0,0.0
-1.7476933002471924,0,0,6.1502203941345215,0,0.6931471824645996
9.906367301940918,0,0,7.495078086853027,0,2.5649492740631104
-4.7515363693237305,1,0,7.151013374328613,0,0.0
-0.33210405707359314,1,0,7.280219554901123,0,2.079441547393799
-2.757577896118164,0,0,6.281037330627441,1,2.397895336151123
-5.112313270568848,0,0,6.971911907196045,1,2.1972246170043945
-2.3414878845214844,0,0,7.716089248657227,0,2.1972246170043945
2.621180772781372,0,0,8.552102088928223,0,0.0
-7.975484848022461,1,0,9.883391380310059,1,0.0
-12.201616287231445,1,0,7.844132423400879,0,0.0
0.7011634111404419,1,0,8.188899993896484,1,3.044522523880005
-3.769674301147461,0,0,7.6805739402771,0,2.944438934326172
-3.9207849502563477,1,0,8.181610107421875,0,2.5649492740631104
-1.001001000404358,0,0,8.137862205505371,0,0.0
-0.20229683816432953,0,0,5.92672872543335,0,0.6931471824645996
-1.213777780532837,1,0,7.031678199768066,0,2.397895336151123
1.9542607069015503,0,0,9.452920913696289,0,0.0
3.3764519691467285,0,0,8.082804679870605,0,0.0
0.9029165506362915,0,1,7.946873188018799,1,2.8332133293151855
1.5995367765426636,1,0,7.898462295532227,0,2.70805025100708
-0.4859861731529236,1,0,6.979507923126221,0,2.5649492740631104
4.102299213409424,1,0,6.339091777801514,0,0.0
0.5087155699729919,1,0,6.625114440917969,0,0.0
-4.264713287353516,0,0,6.8415751457214355,0,0.0
1.6253036260604858,1,0,10.837541580200195,0,0.0
2.8255982398986816,1,0,10.711374282836914,0,0.0
-0.2141718715429306,0,0,9.42572021484375,1,0.0
13.689173698425293,1,0,9.136252403259277,1,0.0
-1.7655916213989258,0,0,9.901471138000488,0,2.6390573978424072
-1.1667345762252808,0,0,10.342985153198242,1,2.1972246170043945
-22.461111068725586,0,0,8.465375900268555,0,0.0
-1.689164400100708,0,0,8.094568252563477,0,0.0
1.7193083763122559,0,0,10.001644134521484,0,2.1972246170043945
-0.8336190581321716,1,0,6.892847061157227,0,1.0986123085021973
-2.4204788208007812,0,0,6.975823879241943,0,1.945910096168518
-1.412711262702942,0,0,6.893001556396484,0,2.70805025100708
-4.386128902435303,1,0,7.251332759857178,1,0.0
-4.163325309753418,1,0,7.464502334594727,1,2.397895336151123
4.587948322296143,1,0,7.189608097076416,0,1.7917594909667969
3.3666534423828125,1,0,7.417077541351318,0,2.6390573978424072
-1.2553023099899292,0,0,6.577287197113037,0,0.0
-1.638468861579895,1,0,6.577287197113037,0,0.0
-0.3792448043823242,1,0,7.207284450531006,0,0.0
3.191505193710327,1,0,7.91546630859375,0,2.1972246170043945
-2.699448823928833,0,0,7.254475116729736,0,0.0
-1.3170950412750244,1,0,8.609323501586914,0,2.8332133293151855
-1.4359798431396484,0,0,6.017728805541992,0,1.6094379425048828
-3.4534878730773926,0,0,7.3374924659729,0,1.6094379425048828
-0.2897750735282898,0,0,8.720436096191406,0,0.0
0.43262383341789246,0,0,8.427718162536621,0,0.0
-1.1273247003555298,1,0,9.384452819824219,0,0.0
-0.5024804472923279,1,0,9.540120124816895,0,0.0
5.235642910003662,1,0,7.827515125274658,0,0.0
10.443570137023926,1,0,8.570791244506836,0,2.6390573978424072
-2.4799253940582275,1,0,7.653926849365234,0,1.3862943649291992
-0.6048725843429565,1,0,7.972950458526611,0,0.6931471824645996
1.5108904838562012,0,0,10.503656387329102,1,0.6931471824645996
-1.3274612426757812,0,0,8.571965217590332,0,1.6094379425048828
-0.03154207393527031,0,0,8.848551750183105,0,0.0
2.066150665283203,0,0,9.974262237548828,1,2.6390573978424072
1.1382278203964233,0,0,8.401872634887695,0,2.7725887298583984
4.82466459274292,0,0,6.3460493087768555,0,2.3025851249694824
-3.137017011642456,1,0,6.813562870025635,0,0.0
2.8001863956451416,0,0,7.3804731369018555,0,2.3025851249694824
-1.2303065061569214,1,0,6.804651737213135,1,0.6931471824645996
-4.7862043380737305,1,0,11.098554611206055,0,0.0
-2.09092116355896,1,0,6.714752674102783,1,1.0986123085021973
-0.14457052946090698,0,0,6.82321834564209,1,1.3862943649291992
0.565281331539154,0,0,6.6937079429626465,0,0.0
-0.7827491164207458,0,0,6.938607215881348,1,1.3862943649291992
2.006516456604004,0,0,7.020161151885986,1,1.0986123085021973
-0.14267031848430634,1,0,10.97009563446045,0,3.0910425186157227
0.28281527757644653,1,0,11.271549224853516,0,2.70805025100708
0.45118460059165955,1,0,8.800532341003418,0,0.0
0.2486269325017929,1,0,9.1427583694458,0,2.397895336151123
-0.9379917979240417,0,0,6.841003894805908,1,0.0
-0.25649118423461914,1,0,10.978489875793457,0,3.044522523880005
-0.3903101682662964,1,0,11.112088203430176,0,0.0
0.8548144698143005,1,0,10.910063743591309,0,0.0
-4.406213283538818,1,0,10.895294189453125,0,0.0
-1.858733057975769,1,0,10.528218269348145,1,0.0
0.5570700168609619,0,0,5.730391025543213,0,0.0
-2.4971258640289307,1,0,9.148763656616211,0,0.0
-0.6437825560569763,1,0,9.082621574401855,0,3.178053855895996
-2.179168224334717,1,0,9.215805053710938,1,0.0
-1.2788047790527344,1,0,8.95464038848877,0,2.70805025100708
-0.09082194417715073,0,0,7.643097400665283,0,1.945910096168518
0.1217365711927414,1,0,7.836523532867432,0,0.0
-0.4963212013244629,0,0,7.818081855773926,0,2.5649492740631104
0.2519969940185547,0,0,7.831575393676758,1,0.0
-2.8444137573242188,1,0,7.6896772384643555,0,0.0
-1.5411312580108643,1,0,8.121393203735352,0,1.7917594909667969
0.1352671980857849,1,0,8.549572944641113,0,2.079441547393799
2.092593193054199,0,0,8.800540924072266,0,0.0
2.7807323932647705,0,0,6.115291595458984,0,2.7725887298583984
1.5259209871292114,0,0,6.489642143249512,0,0.0
-3.210211992263794,1,0,7.821990489959717,0,2.5649492740631104
1.253103256225586,1,0,9.536847114562988,0,0.0
0.7407248020172119,0,0,6.343180179595947,0,0.0
-4.868143081665039,1,0,12.405008316040039,0,3.0910425186157227
-3.7392892837524414,1,0,10.619680404663086,0,0.0
5.90053653717041,1,0,10.480537414550781,0,0.0
0.027341404929757118,1,0,10.720165252685547,0,2.944438934326172
-1.5608611106872559,1,0,10.70450210571289,0,2.944438934326172
-0.3667612373828888,1,0,7.019633769989014,1,2.1972246170043945
1.5487998723983765,0,0,7.174204349517822,0,1.7917594909667969
-2.7979750633239746,0,0,7.369355201721191,0,1.3862943649291992
1.3285019397735596,1,0,7.020793437957764,1,1.0986123085021973
0.09438236802816391,1,0,7.741069316864014,0,0.0
0.00018799373356159776,1,0,8.87783145904541,1,0.0
0.5826343894004822,1,1,8.060491561889648,0,2.7725887298583984
0.971697211265564,0,0,5.958680629730225,0,1.0986123085021973
0.0544215627014637,0,0,6.081620693206787,0,0.6931471824645996
-0.4977329969406128,1,0,6.7861008644104,0,1.3862943649291992
-2.396763563156128,1,0,6.292164325714111,0,0.0
-8.418057441711426,0,0,7.063563823699951,0,0.0
-3.6117262840270996,0,0,7.927859783172607,0,0.0
-4.2261762619018555,1,0,8.384349822998047,1,2.995732307434082
-2.2545065879821777,0,0,8.238518714904785,0,0.0
3.6473536491394043,0,0,8.253747940063477,1,2.4849066734313965
-0.24316686391830444,1,0,8.424960136413574,0,2.397895336151123
-2.221877336502075,1,0,8.147299766540527,0,0.0
-0.46189001202583313,1,0,7.256682395935059,0,2.4849066734313965
-0.2694254517555237,1,0,9.528011322021484,0,2.890371799468994
-2.0784521102905273,1,0,8.417947769165039,0,0.0
0.1653032898902893,0,0,7.6320295333862305,0,0.0
-2.1961967945098877,0,0,7.373439788818359,0,0.0
-1.19493567943573,0,0,7.215012550354004,0,0.0
-3.5825836658477783,1,0,9.551054000854492,1,2.6390573978424072
-0.5468076467514038,0,0,9.484600067138672,0,0.0
9.22669506072998,1,0,7.4387946128845215,1,3.2188758850097656
-8.646217346191406,1,0,7.903183937072754,0,2.6390573978424072
-3.2607619762420654,1,1,8.190836906433105,0,3.295836925506592
-2.8424551486968994,1,0,7.457880020141602,0,1.0986123085021973
-7.429729461669922,0,0,6.084138870239258,1,1.0986123085021973
7.910697937011719,1,0,6.472136497497559,1,0.0
0.7844647765159607,0,0,6.981210231781006,0,0.0
-1.1927250623703003,0,0,6.8694891929626465,1,0.0
-0.3658308684825897,0,0,7.921673774719238,0,1.6094379425048828
2.271237850189209,1,0,8.092059135437012,1,0.0
-0.8945224285125732,1,0,7.086859226226807,0,0.0
-0.47122901678085327,0,0,7.366321563720703,1,0.0
-4.868854522705078,0,0,7.398641109466553,1,2.3025851249694824
-0.2499949038028717,1,0,7.517831802368164,0,2.1972246170043945
2.4410040378570557,0,0,7.234621524810791,0,0.0
-3.308356761932373,1,1,9.534712791442871,0,2.7725887298583984
2.5282845497131348,1,1,8.926186561584473,0,0.0
0.641810953617096,1,1,9.669774055480957,0,2.3025851249694824
0.44858306646347046,1,1,6.91812801361084,0,2.7725887298583984
0.4698047339916229,1,0,7.281364440917969,0,2.1972246170043945
0.015280313789844513,1,1,7.117802143096924,0,0.0
-4.375986576080322,1,0,6.55011510848999,1,0.0
9.179505348205566,1,0,6.2989349365234375,1,0.0
0.47650110721588135,1,0,9.254107475280762,0,0.0
6.40728759765625,1,1,9.20217227935791,0,3.295836925506592
0.04664876312017441,1,1,9.486084938049316,0,2.944438934326172
-0.29703301191329956,1,0,8.603739738464355,0,2.4849066734313965
-7.526082515716553,0,0,6.247089385986328,0,2.079441547393799
-0.42649489641189575,1,0,8.43352222442627,0,2.4849066734313965
-1.1430631875991821,0,0,8.329119682312012,0,0.0
-2.5027341842651367,0,0,8.780710220336914,0,0.6931471824645996
1.2836090326309204,0,0,6.285305023193359,1,1.945910096168518
-5.6505126953125,0,0,7.302895545959473,0,2.7725887298583984
-1.2018505334854126,1,0,8.626019477844238,0,1.945910096168518
-1.9121990203857422,1,0,7.679990768432617,0,0.0
-0.6263134479522705,0,1,8.410757064819336,0,2.4849066734313965
1.264858603477478,0,0,7.153807163238525,0,0.0
-0.039483774453401566,0,0,7.471665859222412,1,0.0
-3.2408480644226074,0,0,7.547755718231201,0,1.7917594909667969
-1.9940985441207886,0,0,8.239514350891113,0,0.0
11.145750999450684,1,0,7.696878910064697,1,2.7725887298583984
0.5187997817993164,1,0,7.56752347946167,0,2.4849066734313965
1.416690707206726,0,0,7.249283790588379,1,1.7917594909667969
-2.997741460800171,0,0,9.561476707458496,0,0.0
2.556225061416626,1,0,9.465411186218262,1,0.0
0.8658779859542847,1,0,9.988885879516602,0,0.0
0.7804135680198669,0,0,9.32086181640625,0,3.332204580307007
4.45531702041626,0,0,9.48620891571045,0,0.0
-0.05119260400533676,0,0,6.017472267150879,0,2.079441547393799
-0.9445099830627441,1,0,11.639917373657227,1,0.0
-2.1521310806274414,1,0,6.772699356079102,0,2.7725887298583984
-1.3136346340179443,0,0,5.887070178985596,1,1.3862943649291992
5.770922660827637,0,0,7.295181751251221,1,0.0
-0.5765388011932373,0,0,6.070517063140869,0,0.0
4.060038089752197,1,0,8.131633758544922,0,2.397895336151123
18.44416046142578,1,0,9.537463188171387,0,0.0
0.3261306881904602,1,0,9.246274948120117,0,2.944438934326172
-0.022656593471765518,0,0,6.922051906585693,1,0.6931471824645996
-0.10067712515592575,0,0,7.005756855010986,0,1.0986123085021973
-2.469364881515503,0,0,7.053637504577637,0,0.0
-1.2442138195037842,1,0,7.384196758270264,1,0.0
1.8836172819137573,1,0,13.312015533447266,0,3.4339871406555176
1.0915089845657349,1,0,12.583867073059082,0,0.0
1.45656418800354,1,1,11.0479736328125,1,3.526360511779785
0.6868704557418823,1,0,7.669925689697266,1,0.0
-0.8944171071052551,1,0,6.392838478088379,1,0.0
2.4923410415649414,0,0,5.724931240081787,0,0.0
-3.200284719467163,0,0,6.4557204246521,0,0.0
-0.7592559456825256,1,0,6.834160804748535,1,2.70805025100708
0.7818736433982849,0,0,6.926823616027832,0,2.7725887298583984
-2.5010156631469727,0,0,9.174088478088379,0,0.0
-0.7071419358253479,1,0,9.319945335388184,0,3.465735912322998
-10.357574462890625,1,0,6.108354568481445,0,2.079441547393799
-1.2077906131744385,1,0,6.721719741821289,0,0.0
0.2874019145965576,0,0,7.202484607696533,0,2.70805025100708
-7.532010078430176,0,0,8.527962684631348,0,2.6390573978424072
0.4561316967010498,1,0,7.920927047729492,0,0.0
-9.184889793395996,1,0,6.922092914581299,0,0.0
-1.5287423133850098,0,0,6.146580219268799,0,1.6094379425048828
2.168426513671875,0,0,9.279308319091797,0,0.0
-1.9179552793502808,0,0,9.303383827209473,0,0.6931471824645996
-0.6996908187866211,0,0,9.79862117767334,1,1.0986123085021973
6.089115619659424,0,0,9.718111991882324,0,0.0
1.0035089254379272,1,0,9.791403770446777,0,2.8332133293151855
-3.974977731704712,0,0,7.091989517211914,0,0.0
-11.065882682800293,0,0,6.011997699737549,0,0.6931471824645996
-1.1159546375274658,0,0,6.061568737030029,0,0.0
-0.6099069714546204,0,0,7.306078910827637,0,2.7725887298583984
7.932656288146973,0,0,7.0578131675720215,1,0.0
-2.2612032890319824,0,0,6.672782897949219,0,0.0
2.448141098022461,1,0,6.590131759643555,0,1.7917594909667969
-0.6898747086524963,1,1,7.249709606170654,0,0.0
-1.3881793022155762,0,0,6.084339141845703,1,1.0986123085021973
-0.11086735129356384,1,0,8.544858932495117,0,0.0
-2.258749485015869,1,0,9.593344688415527,0,3.1354942321777344
3.4650468826293945,0,0,7.82370138168335,0,0.0
5.260420799255371,1,0,8.190065383911133,0,1.6094379425048828
1.6642687320709229,1,0,7.467663764953613,0,2.5649492740631104
0.23811179399490356,0,0,7.247214317321777,1,0.0
-6.861118793487549,1,0,7.8893961906433105,0,2.1972246170043945
-1.2683148384094238,1,0,8.067426681518555,0,0.0
0.17354974150657654,1,0,6.320335865020752,0,1.0986123085021973
1.1112247705459595,1,0,8.391645431518555,0,2.6390573978424072
-4.273612976074219,1,0,8.580968856811523,0,0.0
-0.9553055167198181,1,0,8.970113754272461,0,0.0
-2.6993398666381836,1,0,5.8150482177734375,0,0.6931471824645996
6.292038440704346,1,0,8.289445877075195,0,0.0
-0.98714280128479,1,0,8.246293067932129,1,2.5649492740631104
2.636223793029785,1,0,7.769847869873047,0,2.8332133293151855
-1.0548709630966187,0,0,8.801151275634766,0,2.890371799468994
2.3346927165985107,1,0,9.034379959106445,0,2.4849066734313965
0.28327056765556335,0,0,6.229523658752441,0,1.0986123085021973
1.6430091857910156,1,0,5.82045841217041,0,0.0
-1.844380497932434,1,0,7.4968390464782715,0,1.6094379425048828
2.8718719482421875,1,0,7.7923736572265625,1,0.0
-5.672788619995117,0,0,5.759832382202148,0,1.945910096168518
-2.2577695846557617,1,0,5.873992919921875,1,0.0
1.3167316913604736,0,0,7.760744094848633,0,0.0
-1.1314071416854858,1,0,7.915910243988037,0,0.0
1.3444621562957764,0,0,8.744026184082031,1,0.0
0.27462348341941833,0,0,7.4741363525390625,0,0.0
3.7490227222442627,0,0,7.116183280944824,0,0.0
-2.5501840114593506,0,0,9.857939720153809,0,0.0
-1.5083556175231934,0,0,6.233744144439697,0,1.7917594909667969
-5.465961456298828,0,0,6.119080066680908,0,1.7917594909667969
20.363079071044922,0,0,6.071399688720703,1,0.0
2.2660582065582275,0,0,6.1179890632629395,1,1.945910096168518
-5.79503059387207,0,0,6.913346767425537,0,1.3862943649291992
-0.1975138932466507,0,0,6.859759330749512,1,0.0
-0.44854703545570374,1,0,9.097311973571777,1,2.4849066734313965
4.890931129455566,1,0,8.419647216796875,0,2.944438934326172
-3.4102840423583984,1,0,7.125767707824707,0,2.3025851249694824
1.6726162433624268,0,1,6.654879093170166,0,2.079441547393799
-0.8045800924301147,1,1,7.205658912658691,0,2.3025851249694824
17.58338737487793,0,0,6.829296112060547,0,1.0986123085021973
-1.922359824180603,0,0,8.052613258361816,0,2.079441547393799
-0.2742251753807068,1,0,7.300051212310791,1,1.3862943649291992
-2.6779305934906006,0,0,7.825622081756592,1,0.0
9.96540355682373,1,0,6.79093599319458,0,0.0
1.5627713203430176,0,0,6.834892749786377,0,0.0
0.5027254819869995,1,0,8.66788101196289,1,0.0
5.414432048797607,1,0,8.416180610656738,0,0.0
2.357799768447876,1,0,8.601425170898438,1,0.0
0.9294955730438232,0,0,6.978647232055664,0,2.3025851249694824
0.060949862003326416,1,0,7.0086469650268555,1,0.0
-0.7174009680747986,1,0,10.483118057250977,0,0.0
0.16476641595363617,1,0,12.038241386413574,1,0.0
-0.34759536385536194,0,0,6.474612712860107,0,0.0
-2.3237721920013428,1,0,5.936293601989746,0,0.0
-2.590635061264038,0,0,8.938063621520996,0,0.0
-0.08501069247722626,0,0,6.082484245300293,0,0.0
2.8568203449249268,0,0,5.961124420166016,1,2.079441547393799
0.7280628085136414,1,0,6.899020671844482,0,2.890371799468994
4.916298866271973,1,0,7.87331485748291,0,0.0
2.493234157562256,1,0,7.999640941619873,1,0.0
0.8817566633224487,1,0,7.999640941619873,1,0.0
-3.0723183155059814,0,0,7.756432056427002,0,1.6094379425048828
-0.22652305662631989,0,0,6.135550022125244,1,0.0
4.431990623474121,1,0,8.280314445495605,1,2.70805025100708
1.180801510810852,1,0,8.241894721984863,0,2.4849066734313965
4.479421138763428,0,0,6.389163970947266,0,0.0
7.370847702026367,0,0,6.469235897064209,0,0.0
-0.366691917181015,0,0,8.35099983215332,0,0.0
-0.30691981315612793,1,0,8.774823188781738,0,2.397895336151123
-0.607386589050293,0,0,5.947338104248047,0,0.0
4.612602233886719,1,0,9.313471794128418,0,2.890371799468994
-0.06653886288404465,1,0,9.981988906860352,1,0.0
3.058873176574707,1,0,6.472259521484375,0,0.0
0.9593340158462524,1,0,5.752097129821777,1,0.0
-0.5084131956100464,1,0,8.12210750579834,0,2.7725887298583984
-2.357207775115967,0,0,8.173813819885254,0,1.7917594909667969
1.1278059482574463,0,0,8.378482818603516,0,1.6094379425048828
1.2671526670455933,1,0,8.351178169250488,0,1.6094379425048828
-1.898455023765564,0,0,7.2567291259765625,0,1.945910096168518
-2.394392490386963,1,0,11.02817153930664,1,0.0
2.8265275955200195,0,0,7.284323215484619,0,0.0
-1.9821431636810303,1,0,7.700634479522705,0,2.70805025100708
0.06802171468734741,0,0,6.351008892059326,1,0.0
17.363845825195312,0,0,5.7262067794799805,0,1.6094379425048828
-0.2056567519903183,0,0,7.163777828216553,0,0.0
-1.0356732606887817,0,0,6.006006717681885,0,0.6931471824645996
3.9358034133911133,0,0,7.396180152893066,0,2.079441547393799
0.15572315454483032,1,0,10.039361000061035,1,0.0
3.299729108810425,1,0,10.071084022521973,1,0.0
7.905841827392578,1,0,6.105239391326904,1,0.0
-1.2808977365493774,0,0,6.8138604164123535,0,0.0
0.800042450428009,0,0,7.157809734344482,0,0.0
-0.8247091770172119,0,0,6.929168224334717,0,0.0
2.801218271255493,0,0,7.950333118438721,1,0.0
-0.5529672503471375,1,0,7.821381568908691,1,1.945910096168518
-4.994921684265137,0,0,6.838902950286865,0,0.0
-0.5348724722862244,0,0,6.750681400299072,0,0.0
-3.1436376571655273,0,0,5.982254981994629,1,0.0
-0.2700710892677307,0,0,7.483219146728516,0,0.0
-3.1312294006347656,1,0,5.923945426940918,0,0.0
-3.6943202018737793,0,0,6.092372894287109,1,0.0
0.31092408299446106,0,0,7.916716575622559,0,2.1972246170043945
0.7700417041778564,0,0,6.026689052581787,0,0.0
-0.937488317489624,0,0,7.493689060211182,0,2.079441547393799
-0.7208536267280579,0,0,7.678679943084717,0,1.7917594909667969
4.09549617767334,0,0,7.950516700744629,0,1.6094379425048828
-4.39818000793457,1,0,6.845070838928223,1,0.0
-2.9959051609039307,0,0,6.532214164733887,0,1.7917594909667969
5.756367206573486,1,0,6.23063850402832,0,2.079441547393799
5.5792555809021,1,0,6.105445384979248,0,0.0
-0.2723388969898224,0,0,7.909840106964111,0,0.0
-2.4211223125457764,0,0,8.618553161621094,0,0.0
0.4793139398097992,0,0,7.3139166831970215,0,0.0
0.038419365882873535,1,0,8.018448829650879,0,2.5649492740631104
3.8769044876098633,1,0,7.29435396194458,1,0.0
-0.5044407844543457,1,0,9.952608108520508,0,2.70805025100708
-1.4250813722610474,0,0,8.461385726928711,0,0.0
4.282224655151367,0,0,8.533775329589844,0,0.0
-1.3313677310943604,0,0,8.72917366027832,0,0.0
-1.1966865062713623,0,0,7.727525234222412,0,0.0
0.8308283090591431,1,0,6.901674270629883,0,1.7917594909667969
1.2568858861923218,1,0,7.262353897094727,0,1.3862943649291992
-2.9153645038604736,0,0,6.784071922302246,0,0.0
1.0820043087005615,1,0,8.244002342224121,0,0.0
2.2227258682250977,1,0,5.910571098327637,1,0.0
-1.0620185136795044,0,0,6.963874816894531,0,0.0
-2.2336974143981934,0,0,7.01101541519165,0,2.5649492740631104
-0.10180209577083588,1,0,7.196750640869141,0,2.4849066734313965
0.511947512626648,1,0,6.159517288208008,0,2.079441547393799
-1.0284020900726318,1,0,5.954958438873291,1,2.079441547393799
3.0978565216064453,0,0,6.500970363616943,0,0.0
1.253698468208313,1,0,9.769769668579102,0,2.397895336151123
7.946556091308594,1,0,11.131705284118652,0,0.0
-1.5570095777511597,1,0,11.383831024169922,0,3.2188758850097656
-0.1501774936914444,1,0,6.6893134117126465,1,0.0
-7.203150272369385,0,0,8.952249526977539,0,2.4849066734313965
0.17685604095458984,0,0,8.125765800476074,0,2.079441547393799
-4.938207149505615,1,0,7.537875175476074,1,2.079441547393799
-3.1997218132019043,0,0,9.003602981567383,0,3.2188758850097656
7.486409664154053,1,0,7.570224285125732,0,0.0
1.081146478652954,0,0,8.633976936340332,0,0.0
8.520648002624512,1,0,8.852636337280273,1,0.0
1.3708900213241577,1,0,8.625469207763672,0,0.0
0.05567765235900879,1,0,6.069587707519531,1,0.0
2.2041125297546387,0,0,6.127557277679443,1,0.0
0.7282646894454956,1,0,8.60544204711914,0,2.7725887298583984
1.323642373085022,0,0,10.581398963928223,0,0.0
-4.2367658615112305,1,0,8.322345733642578,0,2.3025851249694824
10.043485641479492,1,0,6.398128986358643,1,1.3862943649291992
-4.291504383087158,0,0,6.336918354034424,0,1.6094379425048828
-0.4534097909927368,1,0,8.5001802444458,0,1.945910096168518
-6.2905988693237305,0,0,5.856528282165527,1,1.6094379425048828
-5.974847316741943,0,0,7.838319301605225,0,3.1354942321777344
2.6832597255706787,1,0,8.150506019592285,0,0.0
2.067751169204712,1,0,8.310736656188965,0,3.1354942321777344
-2.453615665435791,0,0,5.831568241119385,0,0.0
6.540473937988281,0,0,8.950908660888672,1,3.044522523880005
0.01612936519086361,1,0,9.511815071105957,0,3.610917806625366
0.05556313693523407,0,0,8.95995044708252,0,2.6390573978424072
1.2060472965240479,0,0,8.820442199707031,0,0.0
0.49834176898002625,0,0,5.9938883781433105,0,0.0
2.0695130825042725,1,0,7.162045001983643,0,0.0
-1.8981077671051025,0,0,8.055621147155762,0,0.0
0.5765841007232666,0,0,8.325204849243164,0,2.5649492740631104
-1.108141541481018,1,1,8.321969985961914,0,2.5649492740631104
3.980879068374634,1,0,7.440073013305664,1,0.6931471824645996
0.45959776639938354,0,0,7.287905693054199,1,0.0
0.03700883314013481,0,0,7.769996166229248,0,0.0
-5.9312872886657715,1,0,6.366028785705566,0,0.6931471824645996
0.04048667475581169,1,0,10.600567817687988,1,1.0986123085021973
2.2684695720672607,0,0,8.463329315185547,0,2.944438934326172
0.8424533605575562,1,0,10.338139533996582,1,3.178053855895996
-2.5488200187683105,0,0,7.051783561706543,1,0.0
0.14732636511325836,1,0,7.487264633178711,1,2.3025851249694824
11.654370307922363,1,0,6.539508819580078,1,0.0
3.8386645317077637,1,0,6.695088863372803,1,0.0
1.2200946807861328,0,0,7.630749702453613,1,2.3025851249694824
-0.3384588658809662,1,0,7.926985740661621,0,2.70805025100708
13.417137145996094,1,0,6.001469135284424,1,0.0
0.3617280423641205,0,0,5.8448262214660645,1,0.6931471824645996
1.446360468864441,1,0,6.366937637329102,0,0.0
1.3253817558288574,1,0,7.550717830657959,0,1.0986123085021973
-2.4831507205963135,0,0,5.985986709594727,0,1.6094379425048828
2.490234851837158,0,0,9.626502990722656,0,0.0
1.75221848487854,0,0,5.803491115570068,0,1.0986123085021973
-63.79728317260742,0,0,6.745954513549805,1,2.890371799468994
40.39870834350586,1,0,5.884326457977295,1,0.0
-4.03303861618042,0,0,5.928564071655273,1,1.7917594909667969
-1.802552580833435,1,1,10.752847671508789,0,0.0
-0.37655553221702576,0,0,8.391439437866211,0,2.995732307434082
0.0713326632976532,0,0,7.697808265686035,0,0.0
0.08432164788246155,1,0,8.28143310546875,1,2.6390573978424072
4.9167327880859375,0,0,9.060933113098145,0,0.0
-0.6347112059593201,0,0,9.654419898986816,0,0.6931471824645996
4.1149821281433105,0,0,6.474083423614502,0,1.0986123085021973
2.4289207458496094,1,0,6.213246822357178,0,1.0986123085021973
-1.2467187643051147,0,0,10.523063659667969,0,0.0
0.04968423396348953,0,0,10.854472160339355,0,0.0
-1.5463025569915771,0,0,11.509486198425293,1,0.0
2.9236674308776855,1,0,8.812968254089355,0,2.7725887298583984
-3.345421075820923,0,0,9.75954532623291,0,0.0
-0.2897530496120453,1,0,10.1683988571167,0,2.3025851249694824
-3.277740001678467,0,0,9.972853660583496,0,2.079441547393799
-1.7513145208358765,0,0,9.965866088867188,0,0.0
0.4233742356300354,1,0,10.263274192810059,0,0.0
-7.1327033042907715,1,0,7.915266036987305,1,0.6931471824645996
0.8794795870780945,0,0,9.945114135742188,0,2.3025851249694824
-0.3271547853946686,0,0,8.789543151855469,0,0.0
2.478135585784912,1,0,10.047272682189941,0,0.0
-0.08027637004852295,0,0,6.534036636352539,0,2.4849066734313965
0.22451667487621307,0,0,10.778873443603516,1,0.0
-1.2016003131866455,0,0,7.096116542816162,0,0.0
-2.973186492919922,0,0,7.050373077392578,1,0.0
0.8619698286056519,0,0,7.061537265777588,1,0.0
1.3752338886260986,1,0,10.517694473266602,1,2.70805025100708
4.2109832763671875,1,0,8.542853355407715,0,0.0
2.0666871070861816,1,0,8.657870292663574,1,2.3025851249694824
2.0915915966033936,1,0,6.6047682762146,1,2.1972246170043945
4.268394470214844,0,0,6.94891357421875,0,0.6931471824645996
5.402695178985596,1,0,7.874504089355469,1,0.0
-0.6733503341674805,1,0,7.162506103515625,0,2.995732307434082
-2.724494695663452,0,0,7.690633773803711,0,0.0
4.930872917175293,1,0,7.800352096557617,0,0.0
1.053596019744873,1,0,7.813868522644043,0,0.0
-1.1141592264175415,0,0,8.1121244430542,0,0.0
1.2172211408615112,0,0,7.448324203491211,0,2.5649492740631104
-1.4339286088943481,1,0,6.696667671203613,0,0.0
-4.635135173797607,1,0,6.18678617477417,1,2.5649492740631104
1.4168802499771118,1,0,5.887572765350342,1,0.0
7.282871723175049,0,0,6.2075605392456055,0,1.945910096168518
1.8924667835235596,1,0,6.349621295928955,0,0.0
-0.49998727440834045,0,0,6.287712097167969,0,1.0986123085021973
8.601948738098145,0,0,6.328296661376953,1,2.1972246170043945
-1.965134859085083,0,0,6.101984977722168,0,2.079441547393799
1.4933559894561768,1,0,7.649242401123047,0,0.6931471824645996
1.9942301511764526,0,0,6.698505878448486,0,0.0
-0.09710954129695892,0,0,7.671284198760986,0,3.1354942321777344
0.6214517951011658,1,0,7.371758460998535,0,0.0
-0.16295932233333588,1,0,6.736807823181152,0,2.7725887298583984
0.9823665618896484,0,0,5.880058765411377,0,0.0
-1.1169756650924683,1,0,9.659111976623535,0,3.4339871406555176
3.0642261505126953,0,0,5.747702121734619,0,0.6931471824645996
0.19968414306640625,0,0,6.364795684814453,0,0.0
-2.162292003631592,0,0,6.527862548828125,0,0.0
-0.24526341259479523,1,0,6.475707530975342,0,1.945910096168518
0.9697709083557129,0,0,6.515498161315918,0,0.0
3.263995409011841,0,0,6.400381088256836,0,0.0
-9.37395191192627,0,0,7.220473289489746,0,2.397895336151123
-0.33810555934906006,0,0,6.936361789703369,0,2.397895336151123
-1.1785982847213745,0,0,6.842414855957031,0,0.0
2.836071729660034,0,0,5.895392417907715,0,1.945910096168518
-1.0239051580429077,0,0,5.9292497634887695,0,1.6094379425048828
1.328460931777954,0,0,7.2166948318481445,0,0.0
-0.5912482738494873,0,0,6.307353496551514,0,1.7917594909667969
2.3498175144195557,0,0,6.44927978515625,0,1.7917594909667969
-0.5854182839393616,0,0,6.5482916831970215,0,0.0
-1.5040210485458374,0,0,6.329288482666016,1,2.1972246170043945
-1.4668452739715576,1,0,6.3236799240112305,0,1.0986123085021973
-1.899780511856079,1,0,6.143764019012451,0,1.0986123085021973
-1.527381420135498,1,0,6.545880317687988,0,1.0986123085021973
-1.443927526473999,1,0,8.812442779541016,1,2.7725887298583984
-1.986913800239563,0,0,7.153675556182861,0,0.0
2.0595929622650146,1,0,5.823745250701904,0,1.0986123085021973
-1.870971441268921,0,0,6.659337997436523,0,0.0
-0.15159904956817627,0,0,6.842130661010742,0,1.945910096168518
1.204435110092163,1,0,7.401503562927246,1,0.0
4.849215030670166,1,0,8.29617977142334,1,0.0
-1.5315115451812744,0,0,6.099584579467773,0,0.0
2.6829299926757812,0,0,8.205348014831543,0,2.1972246170043945
-1.311023473739624,0,0,6.004202842712402,1,1.6094379425048828
0.6948106288909912,1,0,6.85656213760376,0,0.0
-1.2374931573867798,0,0,7.580642223358154,0,0.0
-1.866769552230835,0,0,6.888193130493164,0,0.0
-0.8294410109519958,1,0,7.424523830413818,0,0.0
-2.441211700439453,1,0,6.615141868591309,1,0.0
0.027500493451952934,0,0,6.367940425872803,0,0.0
3.409195899963379,0,0,7.990154266357422,1,0.0
4.5805583000183105,0,0,6.37625789642334,0,0.0
0.2887135148048401,0,0,6.559635162353516,0,1.6094379425048828
-3.0494909286499023,1,0,6.82384729385376,1,1.7917594909667969
1.7043615579605103,0,0,6.101542949676514,0,0.0
-5.204676628112793,0,0,6.98405122756958,0,0.0
-1.9601831436157227,0,1,6.645750522613525,0,1.945910096168518
-4.110132694244385,1,0,9.108453750610352,0,0.0
0.4752514660358429,0,0,6.163214683532715,1,0.0
-0.7760964632034302,0,0,6.918724060058594,0,0.0
-3.192889928817749,0,0,6.909350395202637,0,0.0
-0.616783082485199,0,0,6.8134307861328125,0,2.3025851249694824
1.1298749446868896,1,0,6.8134307861328125,0,2.3025851249694824
-1.6586759090423584,0,0,6.900420188903809,0,0.0
-2.196652889251709,0,1,6.003489971160889,0,0.6931471824645996
-7.622974395751953,1,0,8.667923927307129,0,0.0
-1.4668400287628174,1,0,8.004718780517578,0,0.0
2.783869981765747,1,0,6.744757652282715,0,0.0
-1.257408857345581,1,0,5.712076663970947,0,1.0986123085021973
1.9068478345870972,0,0,5.761178493499756,0,0.0
5.501291751861572,0,0,5.7772016525268555,0,0.0
-3.2176339626312256,0,1,6.036435604095459,0,0.0
-2.851625680923462,0,0,7.570628643035889,0,0.0
2.650385618209839,1,0,11.076094627380371,0,0.0
-3.454298257827759,1,0,11.47287654876709,1,0.0
2.253786087036133,1,0,11.768442153930664,1,0.0
0.8371338844299316,0,0,6.050904273986816,0,1.0986123085021973
0.22971396148204803,1,1,5.82888126373291,0,1.7917594909667969
-0.900295615196228,0,0,5.719630718231201,0,0.6931471824645996
0.4494785666465759,1,0,6.421113014221191,0,0.0
-0.29235342144966125,0,0,6.8531036376953125,0,0.0
1.0963126420974731,0,0,5.85513973236084,0,0.0
0.17816050350666046,0,0,7.088413238525391,0,1.7917594909667969
-1.423025131225586,1,0,6.654214382171631,0,2.890371799468994
0.5148454904556274,1,0,7.10215950012207,0,0.0
-0.059538304805755615,0,0,6.392187595367432,0,0.0
0.3642031252384186,1,0,8.968222618103027,1,0.0
2.078828811645508,0,0,6.167545318603516,0,1.3862943649291992
1.1612129211425781,1,0,7.066296577453613,0,0.0
2.1374034881591797,0,0,7.303783893585205,0,0.0
2.127074956893921,1,0,7.340399742126465,0,0.0
1.9017670154571533,0,0,8.932455062866211,1,0.0
3.6286327838897705,0,0,7.031768798828125,0,0.0
4.95153284072876,0,0,6.980273246765137,0,0.0
-0.8029619455337524,1,0,7.636096954345703,0,0.0
1.3434721231460571,1,0,6.842254161834717,0,2.70805025100708
6.120495796203613,1,0,8.146050453186035,1,0.0
0.866585373878479,1,0,8.592062950134277,0,0.0
-2.3872814178466797,0,0,6.831392765045166,0,0.0
-3.2975940704345703,1,0,6.693239212036133,0,1.7917594909667969
3.2820239067077637,1,0,6.4464497566223145,1,2.70805025100708
5.512099742889404,0,0,7.78247594833374,0,2.3025851249694824
-0.6076518297195435,1,0,11.59298324584961,1,3.332204580307007
-0.5624311566352844,0,0,7.7987470626831055,1,0.0
1.292473316192627,0,0,7.8395233154296875,1,0.0
1.4997071027755737,0,0,7.8395233154296875,0,0.0
-1.0088276863098145,1,0,7.420809745788574,0,1.7917594909667969
-0.281872421503067,1,0,5.777275085449219,1,0.0
1.6451828479766846,0,0,7.517518043518066,0,2.4849066734313965
-0.9897645711898804,1,0,6.48034143447876,0,0.0
-2.2163286209106445,1,0,6.8829426765441895,0,2.3025851249694824
-4.754122734069824,0,0,6.350411415100098,0,1.7917594909667969
-0.4565628170967102,0,0,7.106054306030273,0,2.4849066734313965
-1.274301290512085,0,0,7.399153232574463,0,2.1972246170043945
-0.34666693210601807,0,0,7.908524513244629,0,1.3862943649291992
1.8449254035949707,1,0,7.996069431304932,0,1.0986123085021973
-0.03157850727438927,1,1,7.547817707061768,0,0.0
-2.416416883468628,0,0,6.820586681365967,0,1.6094379425048828
2.96492075920105,1,0,5.822880268096924,1,1.945910096168518
-1.6212902069091797,1,1,7.325070858001709,0,0.0
0.7748597264289856,1,0,5.800483703613281,1,1.0986123085021973
-4.055919647216797,1,0,6.178027153015137,0,0.0
-1.5929691791534424,1,0,7.940895080566406,1,2.6390573978424072
0.860952615737915,1,0,7.988339424133301,0,0.0
0.730049192905426,0,0,7.8715620040893555,1,0.0
-3.120495319366455,1,0,7.220104694366455,0,0.0
-1.5339055061340332,0,0,7.17242431640625,0,2.3025851249694824
-0.3922620117664337,1,0,7.570600509643555,0,0.0
-1.3686864376068115,1,0,10.061281204223633,1,0.0
-2.150460958480835,0,0,8.979178428649902,0,0.0
-1.3941782712936401,0,0,8.741806983947754,0,0.0
3.1241307258605957,1,0,6.385666370391846,0,0.0
6.626490116119385,1,0,5.816632270812988,1,2.6390573978424072
1.748802900314331,1,0,5.89505672454834,0,0.0
-1.087617039680481,0,0,5.729081153869629,0,1.0986123085021973
-1.4974445104599,1,0,8.212552070617676,1,0.0
0.594005823135376,0,0,5.786891460418701,0,0.0
3.438188076019287,0,1,6.493081092834473,0,2.5649492740631104
-4.9898834228515625,0,0,6.170714378356934,1,0.0
-9.644952774047852,0,0,7.112946510314941,0,2.995732307434082
0.4657302498817444,0,1,7.363491535186768,0,2.7725887298583984
-2.2102761268615723,0,0,6.837866306304932,0,1.945910096168518
-1.1441271305084229,0,0,7.852908611297607,0,0.0
0.6333872675895691,0,0,6.028006553649902,0,1.945910096168518
-6.68635892868042,0,0,6.094542503356934,0,0.0
-3.803365468978882,0,0,5.946868896484375,1,1.7917594909667969
-1.1930758953094482,1,0,5.894508361816406,0,0.0
-5.195131778717041,0,0,6.391366481781006,0,0.0
-2.061924457550049,0,0,6.9416985511779785,0,2.079441547393799
-0.8155176043510437,0,0,7.319051742553711,1,2.1972246170043945
1.7697806358337402,1,0,6.3301801681518555,0,0.0
-0.7894379496574402,1,0,10.098285675048828,0,0.0
-0.5352884531021118,1,0,10.365594863891602,0,0.0
-0.26878994703292847,1,0,11.192595481872559,1,3.367295742034912
5.660672187805176,1,0,6.201425552368164,0,0.0
2.6852712631225586,0,1,6.769085884094238,0,2.3025851249694824
2.0346124172210693,0,0,7.193121910095215,0,0.0
1.3834677934646606,1,0,7.153058052062988,0,0.0
0.5364331603050232,1,0,7.990447521209717,1,2.1972246170043945
1.7858481407165527,1,0,7.163753032684326,0,2.3025851249694824
-0.7337357401847839,0,0,6.5968756675720215,1,0.0
-0.9492128491401672,1,0,7.985222339630127,1,2.1972246170043945
-12.586149215698242,1,0,8.950794219970703,0,3.044522523880005
0.864427924156189,0,0,9.077902793884277,1,2.995732307434082
-14.58022689819336,0,0,5.8339433670043945,0,0.0
-2.2226593494415283,0,0,8.474477767944336,0,0.0
-2.8552370071411133,0,0,8.474477767944336,0,0.0
4.7923903465271,1,0,6.102883815765381,1,0.0
8.766633033752441,1,0,6.9287614822387695,0,2.944438934326172
2.479349136352539,0,0,7.13615083694458,1,2.7725887298583984
3.014369487762451,1,0,6.920051574707031,0,0.0
12.694905281066895,1,0,8.562041282653809,0,2.8332133293151855
-2.1955366134643555,0,0,9.697420120239258,0,0.0
-4.822154521942139,0,0,7.386903762817383,1,0.0
-2.517383098602295,1,0,8.397317886352539,1,2.995732307434082
-0.6995022296905518,1,0,8.032441139221191,0,2.4849066734313965
-1.0783005952835083,0,0,7.765354633331299,0,0.0
-0.7783101201057434,1,0,8.096778869628906,0,0.0
-0.16470269858837128,1,0,8.125627517700195,0,2.995732307434082
-0.45123377442359924,1,0,7.501074314117432,1,2.397895336151123
6.999997615814209,1,0,7.986691474914551,0,0.0
2.4131860733032227,0,0,9.570708274841309,0,0.0
6.202338695526123,0,0,6.072221279144287,0,1.7917594909667969
-0.9150375723838806,0,0,7.453603267669678,1,0.0
6.469937801361084,0,0,6.224371433258057,0,0.0
-1.7631582021713257,1,0,7.224022388458252,1,0.0
-0.2110161930322647,0,0,6.4711127281188965,1,0.0
-1.7500193119049072,1,0,5.822639465332031,0,0.0
-36.895606994628906,1,0,7.869762420654297,0,0.0
-19.773225784301758,1,0,6.5061445236206055,0,2.079441547393799
0.6501941084861755,1,1,6.408252239227295,1,1.3862943649291992
-1.535830020904541,1,0,6.235821723937988,0,1.3862943649291992
0.8971728086471558,0,0,7.353170394897461,0,0.0
-3.017326593399048,1,0,8.573659896850586,1,2.995732307434082
0.41451776027679443,0,0,8.308969497680664,0,0.0
-0.6401923298835754,1,0,6.121223449707031,1,1.945910096168518
0.4061456322669983,1,0,5.893287181854248,0,0.0
3.376736640930176,0,0,7.648909091949463,0,2.079441547393799
-3.556811571121216,0,0,7.801713466644287,0,2.1972246170043945
3.207530975341797,1,0,8.524614334106445,0,2.6390573978424072
-6.0884904861450195,1,0,7.877727508544922,0,0.0
1.0597858428955078,1,0,8.133066177368164,0,0.0
4.016911029815674,0,0,5.963064193725586,0,2.079441547393799
1.1505980491638184,1,0,5.999509334564209,0,1.945910096168518
1.0655937194824219,0,0,6.693115234375,0,2.079441547393799
0.22306454181671143,1,0,6.930931091308594,0,0.0
-1.1979303359985352,0,0,7.8168253898620605,0,0.0
0.8048242330551147,0,0,7.441370487213135,1,0.0
0.8688478469848633,0,0,9.624634742736816,0,3.4011974334716797
0.15644767880439758,0,0,8.389110565185547,1,0.0
-3.181570529937744,0,0,6.779090404510498,0,0.0
1.1425424814224243,0,0,6.890885829925537,0,0.0
-1.3735382556915283,1,0,5.904047012329102,1,1.3862943649291992
-2.360222578048706,1,0,6.643973350524902,0,1.0986123085021973
-4.016895294189453,1,0,6.384139060974121,0,1.7917594909667969
2.774566173553467,1,0,6.679598808288574,0,0.0
9.306676864624023,0,0,7.964656352996826,0,0.0
-0.7235235571861267,0,0,6.758856773376465,0,0.0
12.028614044189453,0,0,6.791082382202148,1,1.0986123085021973
1.8602361679077148,0,0,7.1170244216918945,0,1.6094379425048828
-4.758885383605957,1,0,6.094764232635498,0,0.0
1.6917822360992432,1,0,11.921249389648438,0,0.0
-0.21705205738544464,0,0,6.69118070602417,1,1.6094379425048828
1.799393892288208,1,0,6.774069786071777,1,0.0
1.646445631980896,1,0,6.458454132080078,0,1.945910096168518
-6.2549896240234375,1,0,8.17825698852539,0,0.0
1.3489155769348145,1,0,6.383631706237793,0,1.0986123085021973
-0.30682921409606934,0,0,6.421196937561035,1,1.0986123085021973
-0.2625367343425751,1,0,6.131765365600586,0,0.0
-0.07423050701618195,0,0,6.0857038497924805,0,1.0986123085021973
3.164580821990967,1,0,6.21946382522583,1,0.0
-0.8170660138130188,0,0,6.341918468475342,1,1.7917594909667969
3.3936502933502197,0,0,5.726827144622803,0,0.0
-0.6397768259048462,0,0,6.322827339172363,1,0.0
-0.255083292722702,1,0,7.3592610359191895,0,1.3862943649291992
-1.2030576467514038,0,0,6.5700201988220215,0,0.0
-1.0736314058303833,0,0,6.998389720916748,1,0.0
-2.728520393371582,1,0,10.274038314819336,0,3.2188758850097656
2.4977684020996094,1,0,11.003929138183594,0,3.526360511779785
0.8407096862792969,0,0,6.082056045532227,0,2.944438934326172
-1.0079565048217773,1,0,6.888469219207764,0,0.6931471824645996
-0.880082905292511,1,1,7.62380313873291,0,2.3025851249694824
2.0839285850524902,1,0,8.718147277832031,0,0.0
4.029722213745117,0,0,8.271293640136719,0,2.5649492740631104
0.7201313376426697,0,0,10.796564102172852,1,0.0
11.859659194946289,0,0,6.630711555480957,1,0.0
-0.5375216603279114,1,0,7.506375789642334,0,2.5649492740631104
6.0678629875183105,0,1,7.8353729248046875,0,2.8332133293151855
0.5205658078193665,0,0,8.585579872131348,0,0.0
-13.84477424621582,0,0,7.352241039276123,1,2.4849066734313965
-0.49820610880851746,0,0,7.481797218322754,0,2.4849066734313965
-5.037289619445801,0,0,6.470067024230957,0,2.4849066734313965
-3.9363346099853516,0,0,6.657345771789551,0,0.0
0.4451589584350586,0,0,6.76429557800293,1,0.0
-0.425970196723938,0,0,6.76429557800293,0,2.397895336151123
-1.141287088394165,1,0,6.831578254699707,0,2.397895336151123
0.12431138008832932,1,0,6.905204772949219,0,0.0
-1.779719352722168,0,0,6.856203079223633,0,2.1972246170043945
1.6353919506072998,1,0,6.838403701782227,0,2.079441547393799
-0.49293991923332214,1,0,6.968254089355469,1,0.0
-5.092759132385254,0,0,6.520098686218262,0,0.0
-0.6987443566322327,0,0,6.735133647918701,1,1.3862943649291992
-2.1407244205474854,1,0,6.739406108856201,0,0.0
3.8932993412017822,0,0,5.743191719055176,0,0.0
-2.3827009201049805,1,0,11.289355278015137,0,0.0
7.359147548675537,0,0,7.321069717407227,0,1.7917594909667969
0.6885266900062561,1,0,8.046272277832031,0,2.7725887298583984
-1.8967528343200684,0,0,7.593659400939941,0,0.0
-0.199679896235466,1,0,7.4717116355896,0,0.0
2.494661808013916,1,0,6.893917083740234,0,0.0
5.13215446472168,1,0,5.927431583404541,1,0.0
-2.995591402053833,1,0,7.519069194793701,0,2.4849066734313965
2.942415237426758,0,0,6.9575371742248535,0,0.0
2.6411807537078857,1,0,6.918574810028076,1,0.6931471824645996
-0.27857986092567444,1,0,6.297082901000977,1,0.0
-0.21538802981376648,1,0,5.838257789611816,0,1.945910096168518
0.6677801012992859,0,0,7.052926063537598,0,0.0
-0.015057416632771492,0,0,8.495294570922852,0,2.397895336151123
-3.9090685844421387,1,0,8.789097785949707,1,2.3025851249694824
-0.6452400088310242,1,0,9.788071632385254,0,0.0
-2.6902456283569336,1,0,9.857584953308105,0,2.7725887298583984
-0.6804034113883972,0,0,6.024052619934082,0,0.0
-0.936109721660614,1,0,6.3696417808532715,1,0.0
-1.3921854496002197,0,0,7.086422920227051,0,1.7917594909667969
-2.067528486251831,0,0,10.303947448730469,0,0.0
6.6696062088012695,1,0,10.398428916931152,1,0.0
2.020040512084961,0,0,7.192044734954834,0,1.945910096168518
2.817232370376587,1,0,7.305292129516602,0,0.0
6.556208610534668,0,0,7.22548246383667,0,0.0
2.4768476486206055,1,0,7.35459041595459,1,2.4849066734313965
-3.2852060794830322,0,0,5.816583633422852,0,1.7917594909667969
2.231081247329712,0,0,9.864911079406738,0,0.0
-3.522829532623291,1,0,7.796801567077637,0,1.7917594909667969
3.7622313499450684,1,0,7.160381317138672,0,1.7917594909667969
-1.1270463466644287,0,0,6.406943321228027,1,2.4849066734313965
0.7071749567985535,1,0,7.4627814292907715,0,1.3862943649291992
2.0534961223602295,0,0,5.985157012939453,0,2.079441547393799
-2.325133800506592,1,0,9.446431159973145,1,3.2188758850097656
-3.934070587158203,0,0,5.927594184875488,0,0.6931471824645996
-1.4742002487182617,0,0,7.255703926086426,1,0.0
1.6252521276474,0,0,7.192104339599609,0,0.0
4.0423479080200195,0,0,8.285170555114746,0,2.4849066734313965
-3.882615089416504,0,0,8.476322174072266,0,0.0
-2.011477470397949,1,0,8.638650894165039,0,2.8332133293151855
2.0821189880371094,0,0,6.4551568031311035,0,2.1972246170043945
-4.898402214050293,1,0,6.479731559753418,0,0.0
2.507370710372925,0,0,6.624549388885498,0,0.0
-3.1471199989318848,0,0,5.778753280639648,0,1.3862943649291992
-0.3231193721294403,1,0,6.051697731018066,0,2.079441547393799
9.778531074523926,0,0,6.267443656921387,0,0.0
-2.182551622390747,1,0,9.029753684997559,0,2.944438934326172
0.413520872592926,1,0,9.801791191101074,1,0.0
-5.8023552894592285,1,0,6.056970119476318,0,2.8332133293151855
2.033141851425171,1,0,6.056970119476318,1,0.0
-1.4821162223815918,1,0,7.312655448913574,0,2.079441547393799
-2.4082672595977783,1,0,7.540649890899658,0,0.0
6.5590949058532715,1,0,8.699556350708008,1,2.4849066734313965
-3.0641133785247803,0,0,7.075778484344482,0,2.397895336151123
-0.5805703401565552,0,0,6.036149978637695,0,0.0
-0.2949860692024231,0,0,6.222033977508545,0,0.6931471824645996
3.904137134552002,1,0,7.04819917678833,0,0.0
4.371682643890381,1,0,6.777194499969482,1,0.0
-2.5750880241394043,0,0,6.224165439605713,0,2.079441547393799
-1.4898713827133179,0,0,5.995804786682129,0,0.0
4.637842655181885,1,0,8.271806716918945,1,3.465735912322998
-1.5511246919631958,1,0,8.444655418395996,0,3.25809645652771
-5.085470199584961,1,0,6.99894380569458,0,0.0
-0.5003466010093689,0,0,7.811162948608398,0,0.0
0.9593848586082458,0,0,6.511257648468018,0,2.1972246170043945
2.635683298110962,1,0,6.5085768699646,1,0.0
0.10673681646585464,0,0,6.551433086395264,1,2.079441547393799
1.239121913909912,1,0,6.326943397521973,0,0.0
-0.9503161311149597,0,0,6.4037957191467285,0,2.890371799468994
-0.2982420027256012,0,0,6.551018714904785,0,0.0
2.3869051933288574,0,0,6.837931156158447,0,1.945910096168518
-1.7779650688171387,1,0,6.837931156158447,0,1.945910096168518
1.7373205423355103,1,0,7.0229268074035645,1,1.6094379425048828
0.054645951837301254,1,0,8.184638977050781,0,0.0
-0.34778517484664917,0,0,8.146709442138672,1,2.1972246170043945
-0.651050329208374,1,0,8.041890144348145,1,0.0
-10.22490119934082,1,0,7.913628578186035,0,0.0
-3.3355116844177246,1,0,8.324827194213867,1,0.0
28.18293571472168,0,0,6.002851486206055,0,0.0
1.0991321802139282,0,0,5.9975905418396,0,1.6094379425048828
0.2572016716003418,1,0,6.24075984954834,0,0.0
1.4458309412002563,0,0,6.659638404846191,0,0.0
-0.47796860337257385,0,0,6.993296146392822,1,0.0
1.990438461303711,0,0,6.915363311767578,0,0.6931471824645996
-0.7799137234687805,1,0,6.624615669250488,0,0.6931471824645996
0.6367375254631042,1,0,5.834392070770264,0,0.0
4.441023826599121,0,0,6.141384124755859,0,1.3862943649291992
-2.4434707164764404,0,0,5.781113624572754,1,0.0
-4.845627307891846,0,0,6.220347881317139,1,0.0
-1.7217448949813843,0,0,6.227955341339111,0,0.0
3.1852777004241943,0,0,7.560300827026367,0,1.6094379425048828
1.4034236669540405,1,0,6.628206729888916,0,0.0
8.354363441467285,0,0,6.887783050537109,1,0.0
-3.212139368057251,0,1,6.8507585525512695,0,2.944438934326172
4.255893230438232,1,1,7.242511749267578,0,0.0
-0.8513728976249695,0,0,8.338114738464355,1,0.0
0.8334400653839111,0,0,8.339166641235352,1,0.0
-25.567142486572266,0,0,5.7307209968566895,0,0.0
-2.4922876358032227,1,0,9.104706764221191,0,2.8332133293151855
0.3176943063735962,0,0,5.970544815063477,1,0.0
-1.3374217748641968,0,0,6.815337657928467,0,0.0
6.157536506652832,0,0,6.317424774169922,0,1.3862943649291992
12.515884399414062,0,0,7.015557765960693,1,0.0
1.7484431266784668,1,0,6.001701831817627,1,0.0
1.4452552795410156,0,0,6.242195129394531,1,1.7917594909667969
3.4633982181549072,0,0,8.969339370727539,1,0.0
2.3826048374176025,0,0,7.399579048156738,0,2.4849066734313965
1.9599030017852783,1,0,5.891831874847412,0,1.3862943649291992
3.2341387271881104,0,0,6.294730186462402,0,2.3025851249694824
-2.75712513923645,1,0,5.933337211608887,1,1.6094379425048828
-11.644075393676758,0,0,7.460854530334473,0,2.5649492740631104
-4.353442192077637,1,0,7.498241901397705,1,0.0
-0.5790762305259705,0,0,8.057304382324219,0,1.945910096168518
-0.1905471235513687,0,0,6.665768623352051,0,0.0
-6.333752632141113,1,0,6.306180000305176,1,2.7725887298583984
-0.7101235389709473,0,0,6.744688510894775,0,0.6931471824645996
-0.059473179280757904,0,0,7.013932228088379,0,0.0
3.657865285873413,0,0,6.606503486633301,1,1.0986123085021973
-5.565246105194092,0,0,5.782791614532471,0,0.0
2.027036666870117,1,0,7.11204195022583,0,2.8332133293151855
3.4465157985687256,1,0,8.549799919128418,0,0.0
-1.4979296922683716,0,1,7.458950519561768,0,2.3025851249694824
7.438526630401611,0,0,7.060136318206787,0,0.0
-2.9408578872680664,1,0,9.40330696105957,1,0.0
5.371999263763428,1,0,7.460615158081055,1,0.0
10.87158489227295,0,0,6.604446887969971,1,0.0
-3.0925302505493164,0,0,6.556153297424316,0,0.0
0.38031408190727234,0,0,8.092463493347168,0,0.0
-0.7012834548950195,1,0,8.20784854888916,0,0.0
0.14536581933498383,1,1,5.969571590423584,0,0.0
-2.698632001876831,1,0,6.694036960601807,0,2.4849066734313965
0.41442203521728516,1,0,9.161593437194824,0,0.0
0.09404893219470978,1,0,9.397701263427734,0,0.0
5.6642985343933105,0,0,5.727998733520508,0,0.0
-10.103446006774902,0,0,6.0104546546936035,0,1.945910096168518
1.2489444017410278,0,0,7.332520008087158,0,0.0
2.029344320297241,0,0,7.024225234985352,1,3.1354942321777344
5.404788017272949,1,0,6.517911434173584,1,0.0
1.0988233089447021,0,0,7.230534076690674,0,2.3025851249694824
-1.554944396018982,0,0,6.374346733093262,1,0.0
8.333162307739258,1,0,6.759230613708496,1,0.0
-0.023167556151747704,0,0,7.837104797363281,1,2.3025851249694824
7.376705169677734,0,0,9.342644691467285,0,0.0
-8.544323921203613,1,0,9.925253868103027,0,3.526360511779785
-5.813778400421143,0,0,10.99979019165039,1,1.3862943649291992
2.1771082878112793,1,0,7.796679496765137,1,0.0
4.294886589050293,1,0,9.285666465759277,0,0.0
-5.601890563964844,0,0,8.800830841064453,0,0.0
-1.5709443092346191,1,0,9.983529090881348,0,3.526360511779785
6.1660051345825195,1,0,7.516474723815918,0,1.3862943649291992
-0.9061566591262817,1,0,10.58392333984375,0,3.178053855895996
0.8858548998832703,1,0,10.57978630065918,0,0.0
2.32267689704895,0,0,10.189615249633789,0,0.0
-1.112434983253479,1,0,6.951989650726318,0,2.079441547393799
-0.0007884855149313807,1,0,6.458768844604492,1,1.7917594909667969
3.1606287956237793,1,0,6.353097438812256,1,0.0
-0.8934447765350342,0,0,6.477187633514404,0,2.397895336151123
-0.1651521623134613,0,0,6.45734167098999,1,2.3025851249694824
1.2466074228286743,0,0,8.301435470581055,0,0.0
5.607233047485352,1,0,7.164727210998535,0,0.0
1.3476961851119995,1,0,6.608977317810059,0,1.6094379425048828
0.5661773085594177,1,0,6.92683219909668,0,2.3025851249694824
4.337167263031006,1,0,7.183578014373779,1,0.0
-4.143287181854248,0,0,7.306003570556641,0,2.1972246170043945
3.819230079650879,0,0,7.2858171463012695,1,0.0
0.6981408596038818,1,0,7.124578952789307,0,1.0986123085021973
2.269106864929199,0,0,6.803947925567627,1,0.0
3.4829483032226562,0,0,7.101613998413086,0,0.0
0.06617050617933273,1,0,6.989879131317139,0,2.3025851249694824
1.4091235399246216,1,0,8.970819473266602,0,1.0986123085021973
1.3168394565582275,0,0,9.130420684814453,0,0.0
-0.4508669376373291,0,0,9.266024589538574,0,1.0986123085021973
1.627510905265808,0,0,7.4615797996521,0,2.70805025100708
9.706197738647461,1,0,5.900513172149658,1,0.0
-5.544871807098389,0,0,6.501647472381592,1,2.3025851249694824
1.3532421588897705,0,0,7.129561901092529,0,0.0
-7.631187915802002,1,0,7.372844696044922,0,0.0
-2.1105215549468994,1,0,7.269092082977295,0,0.0
-0.6875344514846802,1,0,6.886897087097168,0,0.0
2.901907205581665,0,0,6.00237512588501,1,0.0
0.16965462267398834,1,0,8.502830505371094,0,2.1972246170043945
0.7253091931343079,0,0,8.533544540405273,0,2.397895336151123
1.9344542026519775,0,0,6.540457248687744,0,0.0
0.38116610050201416,0,0,5.733030796051025,0,2.3025851249694824
-2.0055267810821533,1,0,6.770944118499756,1,0.0
-2.243069648742676,1,0,6.845661640167236,0,0.0
3.9679548740386963,1,0,6.555354595184326,1,1.7917594909667969
-0.8665958046913147,0,0,7.312628269195557,0,0.0
1.4265975952148438,0,0,8.36900806427002,0,0.0
2.6499361991882324,0,0,6.089278697967529,1,2.3025851249694824
-0.260017991065979,1,0,6.158879280090332,0,0.6931471824645996
-0.4757334589958191,0,0,6.766209125518799,0,0.0
0.9862374663352966,0,0,6.3650970458984375,1,0.0
-2.6931161880493164,0,0,6.706512451171875,0,2.4849066734313965
-0.6451368927955627,0,0,6.594916820526123,0,0.0
-2.0919387340545654,1,0,8.1303071975708,0,3.4339871406555176
-2.7356534004211426,0,0,5.7578959465026855,0,0.0
17.06390953063965,1,0,7.168227195739746,1,0.0
-0.8586151599884033,0,0,5.8601460456848145,0,1.6094379425048828
-4.269291400909424,0,0,6.269760608673096,0,0.0
0.42425069212913513,1,0,7.929389476776123,0,2.3025851249694824
1.1153723001480103,1,0,7.103231906890869,0,0.0
9.307363510131836,0,0,7.460229873657227,0,2.8332133293151855
-1.0747661590576172,0,0,6.672950267791748,0,0.0
-0.20604969561100006,0,0,8.109576225280762,0,0.0
-2.0355231761932373,1,0,7.017874717712402,0,0.0
1.2066271305084229,1,0,8.246184349060059,0,3.4011974334716797
-4.8790764808654785,0,0,6.911561965942383,1,0.0
1.3944051265716553,0,0,5.7355146408081055,0,0.0
-9.140722274780273,0,0,6.557807445526123,1,0.6931471824645996
3.015169858932495,0,1,6.629183769226074,1,0.0
-4.145102024078369,1,0,11.627988815307617,1,3.610917806625366
-2.336958169937134,0,0,9.709786415100098,0,0.0
6.823963165283203,1,0,8.549800872802734,0,0.0
1.3943341970443726,0,0,7.781668186187744,0,0.0
-5.251579284667969,1,0,7.353545665740967,0,2.7725887298583984
12.844135284423828,1,1,7.130136013031006,0,0.0
-5.478833198547363,0,0,6.653429985046387,0,0.0
1.9058732986450195,0,0,6.248287677764893,1,0.0
-1.255269169807434,0,0,7.22928524017334,1,2.3025851249694824
0.8841319680213928,1,0,6.564136505126953,0,2.6390573978424072
-3.4844884872436523,0,0,6.636917591094971,0,0.0
2.0239529609680176,0,0,6.71791410446167,0,1.7917594909667969
-1.5069323778152466,1,0,7.358151912689209,1,2.7725887298583984
2.4808578491210938,0,0,7.6531267166137695,0,0.0
0.38952863216400146,1,0,10.043621063232422,0,3.295836925506592
10.052772521972656,1,0,7.110515117645264,0,0.0
2.76360821723938,1,0,6.5551371574401855,0,2.1972246170043945
-1.7010526657104492,1,0,5.813591480255127,0,2.3025851249694824
-4.90109395980835,1,0,10.445168495178223,1,0.0
7.872493743896484,0,0,9.805536270141602,0,3.5835189819335938
3.3968379497528076,1,0,6.09265661239624,0,0.0
0.5362488031387329,1,0,10.012369155883789,0,1.7917594909667969
-1.0907374620437622,1,0,8.007606506347656,0,2.6390573978424072
-1.3680514097213745,1,0,7.564053535461426,0,1.3862943649291992
-3.679262399673462,0,0,7.860367298126221,0,0.0
1.9186382293701172,1,0,6.714206218719482,0,2.397895336151123
-1.1184638738632202,0,0,6.896467685699463,0,0.6931471824645996
1.9162328243255615,0,0,6.785970687866211,0,0.0
-4.587804794311523,0,0,6.551629543304443,0,1.3862943649291992
9.24695873260498,1,0,6.218565940856934,1,0.6931471824645996
2.0107009410858154,0,0,6.48165225982666,1,0.6931471824645996
-0.13509470224380493,0,1,6.002337455749512,0,2.5649492740631104
-2.8025660514831543,1,0,6.0239949226379395,0,2.4849066734313965
-3.782810688018799,1,0,6.166623592376709,0,1.945910096168518
0.872981071472168,0,0,6.2681169509887695,0,0.0
-0.30930522084236145,1,0,6.480749130249023,0,0.0
4.608260631561279,1,0,6.27885627746582,0,2.5649492740631104
1.219848394393921,0,0,8.218534469604492,0,0.0
0.5424127578735352,0,0,7.205765247344971,1,0.0
-1.9107731580734253,0,0,6.937145709991455,1,0.0
2.3538153171539307,0,0,6.960382461547852,0,1.945910096168518
1.2617366313934326,0,0,8.203315734863281,0,0.0
0.7160937786102295,1,0,6.397275447845459,0,0.0
-0.5271691083908081,0,0,6.223976135253906,1,2.079441547393799
-11.504474639892578,0,0,5.8233962059021,1,0.0
0.2564799189567566,1,0,6.218208312988281,1,0.6931471824645996
1.1322965621948242,0,0,8.48526382446289,0,1.6094379425048828
1.9187299013137817,1,0,8.065593719482422,0,0.0
1.3968762159347534,0,0,8.037947654724121,0,1.0986123085021973
-3.5470492839813232,1,0,8.491918563842773,0,1.0986123085021973
2.8911776542663574,0,0,7.42808723449707,0,2.5649492740631104
-0.16281048953533173,0,0,6.547264575958252,0,2.1972246170043945
-2.3724005222320557,0,0,6.686656951904297,0,1.3862943649291992
0.8425260186195374,0,0,7.673440933227539,0,0.0
0.3169212341308594,1,0,7.447113513946533,1,0.0
-1.0103484392166138,1,0,7.341705322265625,0,2.1972246170043945
-0.07094385474920273,1,0,6.847001075744629,0,0.0
-1.334737777709961,1,0,8.774227142333984,0,1.6094379425048828
-3.0808749198913574,1,0,9.58990478515625,1,1.6094379425048828
-35.003387451171875,1,0,8.218436241149902,0,0.0
0.16539239883422852,0,0,6.718153476715088,0,0.0
-1.3899797201156616,1,0,7.06057071685791,0,0.0
-1.4033210277557373,0,1,8.775466918945312,0,3.367295742034912
0.332579642534256,1,0,7.477048873901367,1,2.1972246170043945
3.990947961807251,0,0,8.547089576721191,1,0.0
-1.1812325716018677,0,0,9.420663833618164,0,0.0
-0.37412816286087036,1,0,9.934669494628906,0,2.995732307434082
0.6284450888633728,1,0,7.507987976074219,0,0.0
-2.2091574668884277,1,0,7.235884666442871,1,2.5649492740631104
-5.873056888580322,1,0,6.138043403625488,0,0.0
-1.6120827198028564,1,0,7.3693718910217285,0,0.0
-0.20834310352802277,1,0,7.5753912925720215,0,0.0
-0.04742821305990219,1,1,7.561589241027832,0,2.5649492740631104
3.8521249294281006,0,0,6.499056816101074,0,0.0
3.328214645385742,1,0,5.973137855529785,0,0.0
1.7839552164077759,1,0,6.3644561767578125,0,1.7917594909667969
0.2871595621109009,1,0,7.258527755737305,0,1.7917594909667969
3.5941648483276367,1,0,8.929277420043945,0,0.0
6.972929000854492,1,0,8.929277420043945,0,0.0
-2.7595319747924805,0,0,8.827657699584961,0,3.0910425186157227
0.40024054050445557,1,0,6.300299167633057,1,2.6390573978424072
-1.3307759761810303,1,0,5.97694730758667,0,2.3025851249694824
1.027649998664856,1,1,5.77274751663208,0,0.0
-0.6706233024597168,0,0,7.213944911956787,0,0.6931471824645996
0.5771775841712952,0,0,7.248268127441406,0,0.0
1.6102102994918823,1,0,7.9087724685668945,0,0.0
-1.6681755781173706,1,0,5.747187614440918,0,0.0
2.1770923137664795,1,0,7.098888397216797,0,1.6094379425048828
-1.0984703302383423,0,0,7.0594587326049805,0,1.7917594909667969
-0.4474181830883026,0,0,7.316397190093994,1,0.6931471824645996
3.287968873977661,1,0,7.08987283706665,0,1.6094379425048828
-15.41136360168457,0,0,6.091227054595947,0,1.0986123085021973
-1.5872807502746582,0,0,7.43045711517334,0,3.2188758850097656
-3.137972354888916,0,0,6.774148464202881,0,1.6094379425048828
-1.0670579671859741,0,0,6.117991924285889,0,1.6094379425048828
12.059369087219238,1,0,6.504607200622559,0,0.0
5.992170810699463,1,0,9.182985305786133,1,0.0
3.2041995525360107,0,0,6.719968318939209,0,2.079441547393799
-0.741287112236023,0,0,7.268474578857422,1,0.0
-0.10810240358114243,1,0,8.02609920501709,1,0.0
0.38345518708229065,0,0,8.482800483703613,0,0.0
-7.854262828826904,0,0,5.787642955780029,0,0.0
0.41308167576789856,0,0,5.914393424987793,0,0.0
-1.173483967781067,0,0,6.062685966491699,0,1.945910096168518
0.16074872016906738,0,0,6.86859130859375,0,0.0
-0.6926752924919128,0,0,6.038653373718262,0,1.7917594909667969
-2.6795990467071533,1,0,6.70035982131958,0,0.0
2.6903274059295654,0,0,6.210566997528076,0,0.6931471824645996
-0.7115135192871094,1,0,6.391783237457275,1,2.079441547393799
9.699748992919922,1,1,6.417619705200195,1,0.0
-1.671015977859497,0,1,5.884015083312988,0,2.1972246170043945
4.856778144836426,1,0,8.415507316589355,0,2.995732307434082
-1.3820297718048096,1,0,9.702892303466797,0,0.0
-7.818554401397705,1,0,9.434515953063965,1,0.0
-0.932586133480072,1,0,8.932640075683594,1,0.0
-3.108588695526123,1,0,9.972975730895996,0,0.0
-1.8827842473983765,1,0,9.95396614074707,0,2.4849066734313965
-1.536311388015747,0,0,9.6064453125,1,2.890371799468994
2.522881507873535,0,0,9.13326644897461,0,0.0
4.525721073150635,1,0,8.01142692565918,0,0.0
1.7590961456298828,0,0,6.447208881378174,0,2.70805025100708
-1.3286683559417725,0,0,7.3026018142700195,0,0.0
-2.857897996902466,0,0,6.7498250007629395,0,0.0
-8.000405311584473,1,0,7.461019992828369,0,0.0
-4.565552711486816,0,0,6.107363700866699,0,2.3025851249694824
10.252864837646484,0,0,5.7919020652771,0,1.0986123085021973
1.589349389076233,1,0,6.787236213684082,1,0.0
1.2309385538101196,0,0,7.254712104797363,0,0.0
-3.079869508743286,0,0,6.160804271697998,1,1.0986123085021973
-4.179925918579102,0,0,6.926003932952881,0,2.397895336151123
3.7306997776031494,0,0,6.70752477645874,1,0.0
-19.62854766845703,1,0,6.428042888641357,0,0.0
-6.04233455657959,0,0,5.875938415527344,0,2.6390573978424072
-9.30097484588623,0,0,6.7999958992004395,0,2.70805025100708
-0.6833618879318237,0,0,6.7908935546875,0,0.0
2.2949068546295166,1,0,6.910589218139648,1,0.0
-6.988983154296875,0,0,5.835278511047363,0,0.0
-2.91548752784729,0,0,8.281392097473145,0,0.0
1.4256904125213623,1,0,6.68570613861084,0,2.1972246170043945
-7.009063243865967,1,0,8.235478401184082,1,0.0
-0.6254751682281494,1,0,6.786325931549072,0,1.6094379425048828
-1.2800053358078003,0,0,6.7820515632629395,1,0.0
7.5648040771484375,0,0,7.658817768096924,0,2.7725887298583984
-0.9785643219947815,0,0,8.392023086547852,0,2.7725887298583984
2.2971878051757812,0,0,5.814732551574707,1,2.3025851249694824
2.8309524059295654,1,0,5.785855293273926,0,0.0
-2.050062894821167,1,0,8.937492370605469,0,2.8332133293151855
-1.6086152791976929,0,0,8.7224760055542,0,2.890371799468994
0.3234231173992157,1,0,9.0630521774292,0,0.0
-1.1915196180343628,1,0,8.946680068969727,0,0.0
-0.30226147174835205,1,0,8.200684547424316,0,0.0
0.2169315665960312,0,0,8.259596824645996,0,0.0
5.349019527435303,0,0,5.805996417999268,0,0.0
-2.6181862354278564,1,0,8.102625846862793,0,0.0
-3.638282299041748,1,0,7.310088634490967,1,0.0
-2.3852450847625732,1,0,7.075255870819092,0,0.0
1.9096938371658325,0,0,7.2282209396362305,1,0.0
-2.116550922393799,0,0,7.140482425689697,1,0.6931471824645996
-0.8767008185386658,0,0,7.838414192199707,0,0.0
-1.9418156147003174,0,0,6.6384172439575195,1,0.0
0.9854894876480103,0,0,7.385247707366943,0,0.0
-0.8429262638092041,1,0,8.108269691467285,0,0.0
-1.6808947324752808,0,0,6.705755710601807,0,1.6094379425048828
-0.105315662920475,1,0,6.655799388885498,0,0.0
1.2077436447143555,0,0,8.692319869995117,0,0.0
-0.9555808305740356,0,0,9.258441925048828,0,0.0
0.7717122435569763,1,0,6.707244396209717,0,1.0986123085021973
-0.3264922499656677,1,0,7.163389682769775,1,0.0
-0.9546458721160889,1,0,6.798238754272461,1,1.0986123085021973
9.924221992492676,1,0,6.026855945587158,1,0.0
-2.282857894897461,0,0,9.91792106628418,1,0.0
0.3920391798019409,0,0,5.916433334350586,0,0.0
2.755798816680908,0,0,5.833959579467773,0,0.6931471824645996
2.7805094718933105,0,0,6.928890228271484,0,0.0
-0.2394733875989914,1,0,7.089641094207764,1,2.1972246170043945
4.298850059509277,1,0,5.813115119934082,0,1.3862943649291992
-4.125009059906006,1,0,6.319577693939209,0,0.0
1.945893406867981,1,0,6.798888206481934,1,1.0986123085021973
-0.9314602017402649,1,0,7.342342853546143,0,0.0
2.2625460624694824,0,0,5.8408637046813965,1,1.3862943649291992
0.28453904390335083,0,0,6.879616737365723,0,0.0
-0.38964781165122986,0,0,7.24802303314209,0,2.6390573978424072
-19.454137802124023,1,0,6.3928422927856445,0,2.1972246170043945
-3.0546441078186035,0,0,6.733129501342773,0,2.079441547393799
0.8727831840515137,1,0,7.437854766845703,0,1.3862943649291992
-1.5970042943954468,0,0,5.727361679077148,0,1.7917594909667969
0.9234248399734497,0,0,6.304632663726807,0,0.0
0.6080124974250793,0,0,8.669794082641602,0,0.0
-0.5972946286201477,1,0,8.158885955810547,0,2.4849066734313965
1.5100252628326416,0,0,8.210097312927246,1,0.0
-4.899897575378418,1,0,5.715182781219482,1,0.0
1.3126983642578125,1,0,5.883853912353516,1,0.0
-3.9588255882263184,1,0,7.965101718902588,0,1.7917594909667969
2.497307538986206,1,0,7.884012222290039,0,0.0
-11.761463165283203,0,0,6.8496222496032715,1,2.079441547393799
-1.4248294830322266,0,0,5.855167388916016,0,0.0
-2.070985794067383,0,0,6.338022232055664,1,1.945910096168518
-1.4148920774459839,0,0,6.364373683929443,0,0.0
-0.4682062566280365,0,0,8.407326698303223,0,2.944438934326172
4.032929420471191,0,0,7.140397548675537,1,0.0
-1.495169997215271,1,0,9.869882583618164,0,3.4965076446533203
0.6877779364585876,0,0,6.377361297607422,0,0.0
-1.4045515060424805,0,0,7.708364009857178,0,0.0
3.7381980419158936,1,0,9.718297004699707,0,3.1354942321777344
1.483045220375061,1,0,8.193553924560547,0,2.397895336151123
-1.1629337072372437,1,0,9.325132369995117,1,3.0910425186157227
-4.133879661560059,0,0,7.516070365905762,0,0.0
-0.12606512010097504,0,0,6.352819919586182,1,0.0
-7.994667053222656,0,0,5.887004375457764,0,0.0
0.39758017659187317,0,0,6.680677890777588,0,2.079441547393799
4.118607521057129,1,0,9.133164405822754,0,2.397895336151123
-7.664584159851074,0,0,5.878475189208984,0,0.0
-2.276095151901245,0,0,8.531702041625977,0,2.7725887298583984
0.10973522812128067,0,0,6.960296630859375,1,1.0986123085021973
1.1163949966430664,0,0,5.955303192138672,0,0.0
1.8926341533660889,0,0,8.98334789276123,0,3.178053855895996
0.10673500597476959,0,0,9.020329475402832,0,0.0
-2.4608137607574463,0,0,5.977301120758057,1,0.0
-4.842553615570068,0,0,7.54325008392334,0,2.397895336151123
3.868643283843994,1,0,8.166863441467285,0,2.6390573978424072
-14.368545532226562,1,0,8.166863441467285,0,2.6390573978424072
-0.6261511445045471,0,0,8.053254127502441,0,0.0
0.5912140011787415,0,0,8.300459861755371,0,0.0
9.844524383544922,0,0,6.990230083465576,0,2.70805025100708
3.730041980743408,1,0,7.310586452484131,0,2.7725887298583984
-0.027405377477407455,0,0,5.863739490509033,0,0.0
4.548107147216797,1,0,5.873228073120117,0,0.0
1.2207086086273193,1,0,10.350878715515137,0,0.0
3.8357536792755127,0,0,6.503243446350098,0,1.6094379425048828
0.04096278175711632,0,0,6.171241283416748,0,0.0
0.4949682652950287,1,0,6.548095703125,1,0.0
0.48663172125816345,1,0,7.425273418426514,0,2.70805025100708
11.64760971069336,0,0,6.943871021270752,0,0.0
-1.6661968231201172,0,0,6.523634910583496,0,0.0
-0.43515485525131226,1,0,5.947174072265625,0,0.0
-7.2490739822387695,0,0,6.529817581176758,0,0.0
-1.8550446033477783,1,0,5.997668266296387,0,0.0
5.183951377868652,0,0,6.118212699890137,0,0.0
-1.0096827745437622,1,0,6.779767990112305,0,0.0
28.426294326782227,1,0,6.935908317565918,1,0.0
6.901890277862549,1,1,7.828218460083008,1,1.945910096168518
7.218794822692871,0,0,5.817670822143555,0,1.7917594909667969
-3.0205206871032715,1,0,6.711058139801025,0,0.0
0.25250372290611267,0,0,6.8436198234558105,0,0.0
-2.3718345165252686,0,0,6.223623275756836,1,0.0
13.160064697265625,1,0,5.816996097564697,1,1.7917594909667969
-2.5313332080841064,1,0,6.149256706237793,0,0.0
-0.29664093255996704,0,0,7.463463306427002,0,2.397895336151123
3.9945688247680664,1,0,8.06065559387207,0,1.7917594909667969
2.109396457672119,0,0,7.528754234313965,0,0.0
-0.32704871892929077,1,0,8.623139381408691,0,2.397895336151123
3.1737561225891113,0,0,8.5013427734375,0,0.0
-4.981771469116211,0,0,6.281308650970459,0,2.397895336151123
-2.913468599319458,1,0,7.07793664932251,0,0.0
-3.0406529903411865,1,0,6.904238224029541,0,0.0
0.6980438232421875,0,0,7.1529951095581055,0,1.945910096168518
1.674368977546692,1,0,6.827670574188232,0,1.7917594909667969
-1.420326590538025,0,0,6.661301136016846,0,0.0
-0.2733680307865143,1,0,6.0564069747924805,0,0.0
-7.606841564178467,0,0,5.75444221496582,0,0.0
-0.9790692329406738,0,0,6.9878106117248535,0,0.0
0.4725521504878998,0,0,7.270769119262695,0,1.945910096168518
6.404993534088135,0,0,6.737734794616699,0,2.3025851249694824
3.3947103023529053,0,0,7.7011518478393555,0,0.0
1.0282896757125854,1,0,6.612587928771973,0,0.0
-0.8967411518096924,0,0,8.281471252441406,0,0.0
-4.014003276824951,1,0,6.235445022583008,0,2.944438934326172
-5.259460926055908,0,0,5.8249430656433105,1,0.0
0.47785478830337524,1,1,9.978264808654785,0,3.4965076446533203
2.8373258113861084,1,1,8.692352294921875,0,0.0
-11.531204223632812,1,0,6.506044864654541,0,0.0
1.9436063766479492,1,0,9.09703254699707,1,3.5553481578826904
1.236908197402954,1,1,10.501532554626465,0,3.7135720252990723
-0.2933589816093445,1,0,6.3543701171875,0,0.6931471824645996
-0.039573319256305695,1,0,6.109813690185547,0,1.945910096168518
-1.6198927164077759,1,0,7.189070701599121,1,1.7917594909667969
-1.1662975549697876,1,0,7.189070701599121,0,0.0
-0.341034471988678,0,0,6.310452461242676,0,0.0
0.16574640572071075,1,0,7.087740421295166,1,0.0
2.6763834953308105,1,0,10.343644142150879,0,0.0
0.3117908835411072,0,0,10.155316352844238,0,0.0
-0.3063790202140808,0,0,5.860141754150391,0,1.0986123085021973
8.37063217163086,1,1,7.956892967224121,0,3.0910425186157227
2.310875415802002,0,0,6.686098098754883,0,0.0
-6.4348578453063965,1,0,7.386116981506348,0,0.0
-7.498588562011719,0,0,6.411934852600098,1,0.0
1.8777456283569336,0,0,7.222043514251709,0,1.6094379425048828
-0.4304201006889343,0,0,7.1809892654418945,0,2.079441547393799
4.8405561447143555,0,0,7.043921947479248,0,1.3862943649291992
-8.795978546142578,1,1,5.786099433898926,0,0.0
-0.9028007388114929,0,0,7.209283828735352,0,0.6931471824645996
-1.0130622386932373,0,0,8.602109909057617,0,0.0
-1.8104779720306396,0,0,7.46622371673584,0,0.0
2.1775920391082764,1,0,6.077282905578613,0,0.0
3.6834635734558105,0,0,7.554315567016602,1,2.890371799468994
-4.796440601348877,1,0,7.58900785446167,1,0.0
10.444825172424316,1,0,6.984816551208496,1,0.0
-0.1966206133365631,0,0,5.838761806488037,1,0.0
-1.6523911952972412,1,0,10.83171272277832,1,0.0
1.8140034675598145,0,0,7.070148468017578,0,2.079441547393799
2.0368237495422363,1,0,7.323422908782959,1,1.3862943649291992
0.7105945348739624,0,1,7.2589826583862305,1,1.6094379425048828
-1.2836005687713623,0,0,5.988191604614258,1,0.0
-3.760755777359009,0,0,6.5934576988220215,0,0.0
-0.9121894836425781,0,0,7.022928714752197,0,0.0
-1.1223812103271484,1,0,8.593910217285156,1,3.610917806625366
-2.6920669078826904,0,0,8.377802848815918,0,0.0
5.533061504364014,0,0,7.671144485473633,0,3.044522523880005
-6.898802757263184,0,0,7.267967700958252,0,2.8332133293151855
-1.1794507503509521,0,0,6.745440483093262,1,0.0
-0.8419358134269714,0,0,6.4457197189331055,0,0.0
2.056658983230591,0,0,6.125082015991211,1,2.3025851249694824
-0.11757659167051315,0,0,7.055477619171143,0,1.945910096168518
2.4995667934417725,0,0,5.969175338745117,0,1.945910096168518
1.251732349395752,0,0,6.3909687995910645,0,2.8332133293151855
4.479808330535889,0,0,6.56346321105957,1,0.6931471824645996
-3.179191827774048,0,0,6.785425186157227,0,2.079441547393799
3.3533620834350586,0,0,5.846602916717529,0,0.0
-1.275559902191162,0,0,5.778678894042969,0,1.3862943649291992
2.963221788406372,0,0,5.740377902984619,0,0.0
0.9364414811134338,0,0,6.898163318634033,0,1.945910096168518
-6.593509197235107,1,0,7.006255626678467,0,2.6390573978424072
0.8201716542243958,1,0,7.3169755935668945,0,2.1972246170043945
-5.250654220581055,1,0,7.400124549865723,0,2.6390573978424072
1.0414694547653198,1,0,7.499853134155273,0,2.70805025100708
-3.52974009513855,1,0,5.836608409881592,1,0.0
0.5201748609542847,0,0,6.862155914306641,0,0.0
9.966236114501953,0,0,7.238125324249268,0,2.3025851249694824
-5.7449541091918945,0,0,6.802328109741211,1,0.0
-8.559563636779785,0,1,5.82712984085083,0,2.079441547393799
7.9970526695251465,0,0,6.403530120849609,0,0.0
-0.6768284440040588,0,0,6.448113441467285,0,3.0910425186157227
-16.848413467407227,1,0,6.4045329093933105,0,2.3025851249694824
6.608704566955566,0,0,6.3458476066589355,0,0.0
-0.37313950061798096,1,0,8.169650077819824,1,0.0
-1.486337423324585,0,0,7.4825968742370605,0,1.6094379425048828
-1.3657134771347046,1,0,7.997908115386963,0,2.6390573978424072
1.8929651975631714,1,0,8.276540756225586,0,3.2188758850097656
2.9632728099823,1,0,8.074546813964844,0,3.295836925506592
1.876589298248291,0,0,7.841893196105957,0,0.0
1.3265358209609985,1,0,9.098698616027832,0,0.0
5.45404052734375,0,0,7.087131977081299,0,2.995732307434082
1.815399408340454,0,1,7.016000270843506,0,0.0
7.228662014007568,0,0,6.6177592277526855,1,0.0
-3.8666369915008545,0,0,6.815556049346924,1,0.0
-1.182787299156189,0,0,6.304944038391113,1,3.178053855895996
-4.36361837387085,1,0,8.023327827453613,0,0.0
-0.0753042921423912,1,0,7.98820161819458,0,2.4849066734313965
8.52876091003418,0,0,8.970335006713867,1,0.0
0.4117664396762848,1,0,8.578868865966797,0,0.0
0.17621183395385742,1,0,8.54604721069336,1,0.0
-0.5112476348876953,0,0,7.650429725646973,0,2.397895336151123
-2.4269726276397705,1,0,7.526083469390869,0,2.70805025100708
3.7398431301116943,0,0,6.089084148406982,0,2.079441547393799
-11.045466423034668,0,0,6.89351749420166,0,0.6931471824645996
-3.753507614135742,0,0,6.925233840942383,1,0.0
0.5283041000366211,0,0,5.770659446716309,0,0.0
8.111618995666504,0,0,8.043885231018066,0,0.0
2.879958391189575,0,0,7.681282043457031,0,0.0
6.749549865722656,1,0,6.747636318206787,1,2.079441547393799
1.7337669134140015,0,0,7.645730495452881,1,0.0
4.421448707580566,1,0,7.709380149841309,1,2.3025851249694824
8.57223129272461,0,0,7.405398368835449,0,0.0
-0.6141250133514404,1,0,7.941882133483887,0,0.0
-1.4299712181091309,1,0,7.88530969619751,0,0.0
-0.8575664162635803,0,0,8.098037719726562,0,2.5649492740631104
-12.640817642211914,1,0,7.060275554656982,0,2.3025851249694824
8.33499526977539,1,0,6.865250587463379,1,2.079441547393799
2.0473601818084717,0,0,6.234071731567383,1,0.0
0.4068956971168518,0,0,6.254014015197754,1,1.6094379425048828
-0.8390598297119141,0,0,10.31364631652832,1,0.0
-3.251843214035034,0,0,6.8777289390563965,0,0.0
0.38209253549575806,0,0,7.015685558319092,0,0.0
-0.8998607993125916,0,0,7.18723201751709,1,0.0
-2.852827548980713,0,0,7.024461269378662,0,0.0
-1.6998929977416992,1,0,6.222945213317871,0,1.7917594909667969
-3.1682705879211426,0,0,6.6482462882995605,0,2.7725887298583984
-0.2527690827846527,0,0,9.640637397766113,0,0.0
-0.842651903629303,0,0,5.824686527252197,1,0.6931471824645996
-14.78905963897705,0,0,8.467888832092285,0,2.890371799468994
-0.6132321357727051,1,0,8.761811256408691,1,3.044522523880005
4.077104091644287,1,0,8.727544784545898,0,0.0
0.8561694025993347,0,0,5.806859016418457,1,1.3862943649291992
-2.601886034011841,0,0,5.925408363342285,0,0.0
-1.558686375617981,1,0,7.788482189178467,0,0.0
0.7295883297920227,0,0,5.946320533752441,0,0.0
1.5449740886688232,1,0,6.4128899574279785,0,2.079441547393799
2.891294240951538,0,0,6.291982650756836,0,1.3862943649291992
-1.3563857078552246,1,0,7.5231852531433105,0,2.079441547393799
4.120149612426758,0,0,7.565396308898926,0,2.944438934326172
-3.6773180961608887,0,0,5.895375728607178,0,1.6094379425048828
-1.2614959478378296,0,0,6.180278778076172,1,1.3862943649291992
5.739513874053955,0,0,6.107738971710205,1,0.0
5.7984232902526855,1,0,7.287381172180176,0,0.0
-1.598049521446228,0,0,6.131204605102539,0,1.7917594909667969
-0.7272846102714539,1,0,10.312996864318848,0,0.0
0.47375720739364624,1,0,6.672800064086914,0,2.397895336151123
3.3291783332824707,0,0,6.607372760772705,0,1.3862943649291992
0.5389211177825928,0,0,7.31125545501709,1,2.079441547393799
-7.9308295249938965,0,0,7.092355251312256,0,0.0
-2.9856932163238525,0,0,7.155615329742432,0,0.0
6.205854415893555,0,0,6.724208354949951,1,2.397895336151123
-2.698840379714966,1,0,8.123172760009766,1,0.0
-1.623253345489502,1,0,8.646876335144043,0,0.0
10.403793334960938,1,0,6.545380115509033,1,1.7917594909667969
-3.2352797985076904,1,0,6.7729105949401855,0,2.079441547393799
3.5617408752441406,0,1,6.454184532165527,0,0.0
-0.326994925737381,0,0,7.039243221282959,1,2.397895336151123
0.8783668875694275,0,0,6.999431133270264,0,0.0
-0.6017089486122131,0,0,7.253866672515869,0,0.0
-4.19985294342041,1,0,6.629291534423828,1,0.0
-26.597700119018555,1,0,7.755893707275391,0,2.4849066734313965
-1.3591978549957275,1,0,9.280029296875,1,2.70805025100708
21.256563186645508,1,0,8.490175247192383,0,0.0
0.6959618330001831,1,0,8.350196838378906,1,2.890371799468994
-1.4041500091552734,0,0,8.503145217895508,0,3.2188758850097656
-3.6816189289093018,0,0,8.521546363830566,0,0.0
0.07307492941617966,0,0,5.728946685791016,1,0.0
-2.645087480545044,0,0,6.766247272491455,1,0.0
5.757122039794922,1,0,7.166239261627197,0,3.0910425186157227
-9.439306259155273,0,0,7.166239261627197,0,0.0
-4.055407524108887,1,0,7.243408679962158,1,2.944438934326172
-3.6426141262054443,0,0,7.612984657287598,1,2.8332133293151855
3.176588296890259,0,0,6.049256324768066,0,0.0
-1.6959643363952637,1,0,6.0677571296691895,0,1.0986123085021973
-0.20843954384326935,0,0,7.332756519317627,0,0.6931471824645996
0.004433332476764917,0,0,8.421993255615234,0,0.0
0.9401790499687195,1,1,6.583804130554199,0,2.1972246170043945
-0.8879269957542419,1,0,7.769941806793213,0,0.0
-3.84932017326355,0,0,7.602238655090332,0,0.6931471824645996
-8.694595336914062,0,0,5.73642635345459,0,2.397895336151123
-1.2034108638763428,0,0,6.9214982986450195,0,0.0
0.6329479813575745,1,0,7.199585437774658,0,0.0
1.349313735961914,1,0,6.381606578826904,0,0.0
1.008641242980957,1,0,6.381606578826904,1,0.0
5.106830596923828,0,0,6.105055809020996,0,0.6931471824645996
3.412137031555176,0,0,7.506989002227783,1,0.0
-0.8598062992095947,1,0,6.593510150909424,0,2.1972246170043945
-0.7301969528198242,1,0,6.644623756408691,0,0.0
0.5087158679962158,0,0,9.157730102539062,0,0.6931471824645996
-2.967623233795166,0,0,9.40560531616211,0,1.7917594909667969
-0.09992150217294693,1,0,5.760500907897949,1,1.6094379425048828
-2.158618688583374,0,0,8.033318519592285,0,0.0
3.204453945159912,1,0,7.262019634246826,0,2.6390573978424072
3.0410990715026855,1,0,6.494274139404297,1,2.6390573978424072
-1.939298391342163,0,0,7.064990520477295,0,0.0
-2.000861883163452,1,0,6.921291351318359,0,2.70805025100708
2.7288947105407715,1,0,7.6341071128845215,0,2.3025851249694824
2.237337589263916,0,0,6.140031814575195,0,1.3862943649291992
2.46494460105896,0,0,6.028391361236572,0,1.0986123085021973
0.7246639728546143,0,0,6.2809224128723145,1,0.0
1.9642181396484375,1,1,6.806758403778076,1,2.3025851249694824
-0.5050439238548279,1,0,9.237157821655273,0,0.6931471824645996
-0.632516622543335,1,0,8.143821716308594,0,1.6094379425048828
-4.001904010772705,1,0,7.245304584503174,0,3.1354942321777344
-2.215519905090332,1,0,7.721953392028809,0,2.890371799468994
1.3978370428085327,1,1,7.57855749130249,0,2.8332133293151855
0.34441956877708435,1,0,6.7821574211120605,1,0.0
-1.5538456439971924,1,1,7.054117202758789,0,1.6094379425048828
0.5591427087783813,0,0,8.198369979858398,0,2.397895336151123
1.6719764471054077,0,0,5.966413497924805,1,2.3025851249694824
-3.817485809326172,1,0,11.588499069213867,0,1.945910096168518
1.8562045097351074,0,0,6.51937198638916,0,0.0
-0.17373961210250854,1,0,7.2987542152404785,0,0.0
-0.5893431305885315,0,0,9.001911163330078,0,0.0
0.30665966868400574,0,0,7.396090030670166,0,0.0
2.178081512451172,1,0,7.2138848304748535,1,0.0
-1.0733287334442139,0,0,5.856926918029785,0,0.0
-5.90833854675293,1,0,5.758052825927734,0,2.397895336151123
2.897343635559082,1,0,8.486940383911133,0,0.0
1.8689453601837158,0,0,6.369903564453125,0,2.3025851249694824
4.05586051940918,1,0,5.866970539093018,0,0.0
-2.7188827991485596,0,0,5.723706245422363,1,0.0
0.6930114030838013,1,0,5.830244064331055,0,1.3862943649291992
2.794160842895508,0,0,6.82694673538208,0,2.5649492740631104
2.050950050354004,1,0,5.795945167541504,1,2.6390573978424072
10.377720832824707,0,0,6.921807289123535,1,1.6094379425048828
5.870962142944336,0,0,5.849039077758789,0,1.945910096168518
1.8709723949432373,0,0,5.780385494232178,1,1.945910096168518
-3.080293655395508,0,0,5.780385494232178,0,0.0
-0.9779778122901917,1,0,7.436817169189453,0,0.6931471824645996
1.8743664026260376,1,0,5.953947067260742,0,1.3862943649291992
-2.3755621910095215,0,0,7.96075439453125,0,0.0
0.5414941310882568,0,0,7.952070236206055,0,2.4849066734313965
-0.9908350706100464,1,0,8.951056480407715,0,2.890371799468994
-0.4231806695461273,0,0,7.905606269836426,0,0.0
4.520927429199219,1,0,7.665077209472656,0,0.0
0.4172533452510834,1,0,7.514817237854004,1,0.0
0.8109543919563293,0,0,7.328871726989746,1,2.397895336151123
-7.8197340965271,0,0,7.406684875488281,0,2.6390573978424072
-10.787678718566895,0,0,7.337148666381836,0,0.0
0.6305675506591797,0,0,6.209055423736572,0,0.0
0.8548389077186584,1,0,6.43331241607666,1,2.079441547393799
-1.8848003149032593,1,0,5.715923309326172,0,0.0
-1.1351617574691772,0,0,6.27159309387207,0,0.0
-0.31944751739501953,0,0,6.252096652984619,0,0.0
-3.918484926223755,0,0,6.420716762542725,0,0.0
-2.0145819187164307,0,0,7.112568378448486,0,2.397895336151123
8.880597114562988,1,0,7.034319877624512,1,3.2188758850097656
-1.311282992362976,0,0,10.173887252807617,0,0.0
2.5189216136932373,1,0,8.551521301269531,1,3.332204580307007
1.660058856010437,1,0,6.919007778167725,1,0.0
-0.7115797996520996,0,0,6.211609840393066,0,0.0
-1.761598825454712,0,0,6.937220573425293,1,0.0
1.3210785388946533,0,0,6.568058967590332,1,0.0
-0.9643661975860596,0,0,5.835289478302002,0,0.0
-1.212182879447937,0,0,6.932424545288086,0,1.7917594909667969
-2.072834014892578,0,0,6.217327117919922,0,2.5649492740631104
-5.27648401260376,1,0,6.329967975616455,0,0.0
0.8096665740013123,1,1,7.43566370010376,0,0.0
1.0696738958358765,1,0,6.8165998458862305,0,0.0
-7.7637457847595215,0,0,6.869907379150391,0,0.0
4.76595401763916,0,0,6.177877426147461,1,1.945910096168518
1.3877849578857422,0,1,6.302947521209717,0,2.079441547393799
-3.688544273376465,1,0,5.837062835693359,0,0.0
-1.565168857574463,1,0,6.790772914886475,0,0.0
-7.326744556427002,1,0,8.760007858276367,0,3.367295742034912
3.571784496307373,1,0,8.953766822814941,0,3.4011974334716797
2.222959041595459,1,0,8.936942100524902,0,0.0
0.07252196967601776,0,0,6.670927047729492,0,0.0
-0.478405624628067,0,0,7.971340179443359,0,0.0
5.9588799476623535,0,0,7.037201881408691,1,0.0
2.1226131916046143,0,0,5.855045795440674,0,1.7917594909667969
5.6650261878967285,0,0,7.0130157470703125,0,0.0
-0.5714799761772156,0,0,5.8323869705200195,0,0.0
-3.490449905395508,1,0,6.4070563316345215,0,0.0
-6.846025466918945,0,0,6.416550636291504,1,2.6390573978424072
2.527254343032837,1,0,8.450188636779785,0,0.0
-14.325750350952148,1,0,6.053920269012451,0,0.0
-1.390265703201294,0,0,6.290299892425537,1,2.6390573978424072
5.842970371246338,1,0,5.971792221069336,1,0.0
4.806788921356201,0,0,6.0274176597595215,1,1.7917594909667969
-1.422770619392395,1,0,6.3692193031311035,0,1.7917594909667969
1.226777195930481,1,0,6.494222164154053,0,1.7917594909667969
9.871854782104492,1,0,7.344448089599609,0,2.1972246170043945
9.000617980957031,0,0,5.8801188468933105,1,0.0
0.9021944403648376,0,0,6.465860843658447,0,1.6094379425048828
-3.9181766510009766,0,0,6.1269378662109375,0,1.945910096168518
-0.8896754384040833,0,0,9.535622596740723,0,3.5553481578826904
-12.59752368927002,0,0,8.0801420211792,1,0.0
-1.7775309085845947,0,0,9.42393970489502,0,0.0
0.3949063718318939,0,0,8.413657188415527,0,0.0
-0.8768783807754517,0,0,6.987720012664795,1,0.0
-2.4460813999176025,0,0,8.737449645996094,0,0.0
3.46986722946167,1,0,7.818563938140869,1,0.0
-0.19107264280319214,0,0,8.868524551391602,0,0.0
-0.7604911923408508,0,0,9.98161792755127,0,0.0
9.73774242401123,1,0,11.359543800354004,1,0.6931471824645996
0.07193566858768463,0,0,7.0677361488342285,0,0.0
-5.625458240509033,1,0,9.068217277526855,1,0.0
0.35363882780075073,0,0,8.526960372924805,1,0.0
3.95046067237854,0,0,8.325071334838867,1,0.0
-1.4832645654678345,0,0,7.874325275421143,0,0.0
2.681882381439209,0,0,8.251121520996094,0,0.6931471824645996
0.4936753511428833,0,0,9.538265228271484,0,0.0
2.6770541667938232,0,0,9.756429672241211,1,0.0
-3.6391336917877197,1,0,10.98701286315918,0,2.6390573978424072
1.84797203540802,0,0,8.491952896118164,0,0.0
-0.7963694334030151,1,0,8.860750198364258,1,0.0
-1.352056860923767,0,0,7.708438873291016,0,0.0
6.8612060546875,0,0,6.225687503814697,1,0.0
4.835991382598877,0,0,5.905451774597168,0,0.0
4.649726390838623,1,0,8.233229637145996,0,2.079441547393799
-0.5158015489578247,0,0,6.0100555419921875,0,1.6094379425048828
1.185821771621704,1,0,6.813462257385254,0,2.397895336151123
0.4991992712020874,1,0,5.707273483276367,0,1.6094379425048828
-4.819174766540527,0,0,6.909277439117432,0,0.0
-0.5335962176322937,0,0,6.9006452560424805,0,1.945910096168518
-0.0561303086578846,0,0,7.282876014709473,0,0.0
0.9359768629074097,0,0,7.273736000061035,0,1.6094379425048828
0.33289945125579834,1,0,6.734622955322266,1,0.0
-2.0559558868408203,1,0,6.9241042137146,0,1.3862943649291992
0.10936141759157181,1,1,6.805891990661621,0,1.0986123085021973
5.458825588226318,1,0,7.462786674499512,0,0.0
4.808953285217285,0,0,7.472195625305176,0,0.0
3.6251933574676514,0,0,6.271358966827393,0,0.0
0.20987972617149353,1,0,9.130497932434082,0,2.8332133293151855
-1.5800695419311523,1,0,9.187555313110352,1,2.7725887298583984
-0.8038049936294556,0,0,6.139809608459473,0,1.6094379425048828
0.6273130774497986,0,0,7.324007511138916,0,0.0
4.995876312255859,0,0,6.098962783813477,0,0.0
-0.38617607951164246,0,0,6.7275848388671875,0,0.0
0.3132355511188507,1,0,6.549147605895996,1,0.0
-15.73470401763916,0,0,6.642885208129883,1,0.0
-0.6492592692375183,0,0,6.623040676116943,0,1.0986123085021973
2.5794451236724854,0,0,6.268741607666016,1,2.3025851249694824
2.0913848876953125,0,0,6.7708353996276855,0,2.4849066734313965
0.9302159547805786,0,0,6.274873733520508,0,0.0
1.4338499307632446,0,0,6.830232620239258,0,0.0
-1.5823862552642822,1,0,7.984919548034668,0,0.0
-3.266822099685669,1,0,7.924499034881592,1,0.0
-1.2727118730545044,1,0,8.261259078979492,0,2.5649492740631104
-2.454953670501709,0,0,8.028557777404785,0,0.0
-18.389545440673828,0,0,8.525965690612793,0,1.945910096168518
0.5010119080543518,1,0,7.9797258377075195,0,0.0
2.6726906299591064,1,0,6.948156356811523,1,2.1972246170043945
-9.64315414428711,0,0,7.2212748527526855,0,0.0
6.410640239715576,1,0,6.447456359863281,1,2.8332133293151855
-1.385819673538208,1,0,7.1233344078063965,0,0.0
-7.510027885437012,1,0,6.221983432769775,1,0.0
-3.71244215965271,0,0,6.715497016906738,0,0.6931471824645996
4.944240093231201,1,0,6.872457504272461,0,0.0
-7.916405200958252,0,1,6.175824165344238,0,0.0
-0.6383312344551086,0,0,6.614147663116455,0,1.945910096168518
0.05447878688573837,0,0,9.195395469665527,1,2.397895336151123
-0.6952203512191772,0,0,9.532970428466797,0,0.0
0.7894757986068726,0,0,7.114604473114014,1,0.0
2.908477306365967,0,0,7.008330345153809,0,2.4849066734313965
1.643767237663269,1,0,6.7715888023376465,1,2.4849066734313965
-0.7216627597808838,1,0,7.604640007019043,0,0.0
0.5485191941261292,0,0,8.154393196105957,1,0.0
-3.177493095397949,1,0,7.654524803161621,0,3.044522523880005
-7.5166015625,0,0,8.710420608520508,0,1.3862943649291992
-12.038551330566406,1,0,7.571669101715088,0,3.044522523880005
-2.417141914367676,0,0,6.768926620483398,0,2.4849066734313965
-1.0309696197509766,1,1,6.057469367980957,1,1.945910096168518
12.855494499206543,0,0,7.298028945922852,0,1.7917594909667969
-0.5492146611213684,1,0,5.766446113586426,0,0.0
-2.4643895626068115,0,1,6.04226016998291,0,1.6094379425048828
-0.902706503868103,0,0,5.735507011413574,0,0.0
-0.026874499395489693,1,0,11.125751495361328,0,3.1354942321777344
1.5602492094039917,1,0,11.125751495361328,1,3.0910425186157227
2.6366472244262695,0,0,7.5942792892456055,1,0.0
3.5273165702819824,1,0,7.684739112854004,1,1.945910096168518
-0.8861483931541443,0,0,6.735688209533691,1,0.0
0.6340682506561279,0,0,6.9413957595825195,0,0.0
2.291316032409668,0,0,6.948375225067139,0,2.4849066734313965
-7.0267252922058105,0,0,7.035015106201172,0,2.6390573978424072
3.352227210998535,0,0,6.517776012420654,1,2.5649492740631104
-0.6590576171875,0,0,5.973691940307617,0,1.945910096168518
20.12139129638672,1,0,9.714777946472168,1,0.0
0.5300723910331726,0,1,5.821070194244385,1,1.6094379425048828
2.9557077884674072,1,0,6.685749530792236,0,3.044522523880005
-1.042983889579773,1,0,6.018305778503418,1,2.1972246170043945
-6.225839138031006,1,0,8.415453910827637,1,2.6390573978424072
-2.6938953399658203,1,0,7.834012031555176,0,0.0
-4.85639762878418,0,0,5.743564128875732,0,1.6094379425048828
4.910971164703369,0,0,5.743564128875732,1,1.6094379425048828
10.141508102416992,0,0,5.848946571350098,1,2.397895336151123
-8.540567398071289,1,0,7.068357944488525,0,0.0
-1.3235347270965576,1,0,5.975587368011475,0,2.5649492740631104
-0.39835622906684875,1,0,6.9587297439575195,0,2.079441547393799
8.41211986541748,1,0,7.528377532958984,0,0.0
-9.826021194458008,1,0,7.44282341003418,0,2.5649492740631104
-2.3534719944000244,1,0,7.070172309875488,0,2.8332133293151855
0.34171631932258606,1,0,7.157501697540283,0,2.397895336151123
9.182600021362305,1,0,6.367563724517822,1,2.3025851249694824
-1.7879483699798584,1,0,7.01381778717041,0,0.0
16.63758087158203,1,0,7.364809989929199,1,3.044522523880005
-6.921178340911865,1,0,6.214576244354248,1,2.079441547393799
0.8567641973495483,1,0,6.151744842529297,0,0.0
0.9269487857818604,0,0,6.014803409576416,1,0.0
11.145341873168945,0,0,6.630978584289551,0,1.7917594909667969
0.6783961057662964,0,0,7.354761600494385,0,0.0
-0.6458002328872681,1,0,7.563653945922852,1,2.3025851249694824
-2.255998134613037,1,0,7.276367664337158,0,1.7917594909667969
0.4186810255050659,0,0,7.025572299957275,1,0.0
0.030955858528614044,1,0,6.816946029663086,1,0.0
-3.063647747039795,1,0,8.752464294433594,1,0.0
-12.620346069335938,1,0,7.547469615936279,0,0.0
2.2886886596679688,1,0,6.9239349365234375,0,0.0
-0.39691808819770813,1,0,5.878541946411133,0,0.0
-2.298642873764038,0,0,7.652135372161865,0,0.0
3.181166410446167,1,0,8.386885643005371,0,0.0
5.134267807006836,1,0,8.881280899047852,0,2.70805025100708
-0.3722204566001892,1,0,8.929998397827148,0,0.0
-2.0280227661132812,1,0,8.72499942779541,0,0.0
4.379706382751465,0,0,6.287478923797607,1,2.995732307434082
0.3101206421852112,1,0,6.025764465332031,0,2.8332133293151855
0.783812940120697,0,0,7.408371448516846,0,2.397895336151123
0.5991692543029785,0,0,7.353268146514893,0,0.0
-0.6719078421592712,0,0,7.55002498626709,0,2.5649492740631104
-3.2482669353485107,1,0,7.8415117263793945,0,2.3025851249694824
-1.3772653341293335,0,0,7.122786998748779,1,0.0
-2.5194590091705322,1,0,6.446747779846191,0,0.0
1.149183750152588,1,0,6.834860324859619,0,2.3025851249694824
-21.85426902770996,0,0,6.34007453918457,0,0.0
-1.6408379077911377,0,0,6.548958778381348,0,0.0
4.774528503417969,0,0,7.4421000480651855,0,0.0
-3.482997417449951,1,0,7.518090724945068,0,0.0
-4.300508975982666,0,1,8.250933647155762,0,0.0
2.6124653816223145,0,0,8.92667293548584,1,0.0
-8.627145767211914,1,0,7.416357040405273,1,2.995732307434082
1.0884976387023926,0,0,6.358708381652832,0,0.0
-4.079483985900879,0,0,6.056709289550781,0,0.0
-0.7943574786186218,0,0,5.786679267883301,1,1.945910096168518
-9.646531105041504,1,0,5.800508975982666,0,2.1972246170043945
-5.0824408531188965,0,0,5.791710376739502,0,0.0
-9.923388481140137,0,0,7.066887855529785,1,0.0
-7.419239521026611,1,0,8.682967185974121,1,0.0
-9.062634468078613,1,0,6.9556732177734375,1,2.397895336151123
-1.8359287977218628,0,0,6.5881476402282715,1,3.1354942321777344
-65.96651458740234,0,0,5.7084431648254395,1,1.6094379425048828
8.066600799560547,1,0,6.180681228637695,0,0.0
-7.948051929473877,1,0,5.956074237823486,1,0.0
1.537630558013916,1,0,5.998064994812012,0,1.945910096168518
5.673722267150879,0,0,5.754801273345947,1,1.6094379425048828
-4.1204142570495605,1,0,6.825308799743652,0,2.7725887298583984
-5.117788791656494,0,0,6.738960266113281,0,0.0
3.9169652462005615,1,0,6.577040672302246,1,0.0
-2.4800961017608643,0,0,6.830733776092529,0,1.3862943649291992
1.3917856216430664,0,0,6.955261707305908,0,1.7917594909667969
0.22889594733715057,1,0,7.636819839477539,0,1.3862943649291992
-6.265052318572998,0,1,6.322023391723633,0,2.1972246170043945
-4.085971832275391,1,0,6.9074225425720215,0,0.0
3.7055599689483643,1,0,6.915310859680176,1,2.3025851249694824
10.966537475585938,0,0,6.182519435882568,1,1.6094379425048828
0.5836580991744995,0,0,6.091375350952148,0,1.3862943649291992
-0.48370489478111267,0,0,7.602509021759033,0,1.6094379425048828
-0.010649179108440876,1,0,7.7984161376953125,0,1.3862943649291992
7.489259243011475,0,0,7.553417205810547,1,2.4849066734313965
10.394314765930176,1,0,8.257538795471191,0,1.7917594909667969
5.801599025726318,1,0,6.71058988571167,1,0.0
-8.826732635498047,0,0,7.000789165496826,1,2.8332133293151855
-0.24174140393733978,1,0,6.895933628082275,0,2.079441547393799
-4.6076979637146,0,0,7.194979190826416,0,2.70805025100708
12.291994094848633,0,0,7.19991397857666,1,0.0
-0.05167226493358612,0,0,5.803167343139648,1,0.0
1.0764904022216797,0,1,10.98218822479248,0,0.0
-5.045083045959473,1,0,6.826080799102783,1,1.7917594909667969
-9.821853637695312,1,0,6.375537395477295,0,1.7917594909667969
-1.1384021043777466,0,0,7.697380065917969,0,0.0
0.4880808889865875,0,0,7.017547607421875,1,0.6931471824645996
4.245341777801514,1,0,6.268670082092285,0,0.0
-0.011421550996601582,1,0,10.007391929626465,0,0.0
2.970773696899414,0,0,6.493209362030029,1,0.0
-6.486630916595459,1,0,8.276150703430176,0,0.0
3.973313808441162,1,0,7.159332752227783,1,0.0
-3.5761542320251465,0,0,6.570833683013916,1,0.0
0.7819565534591675,0,0,5.947051048278809,0,1.7917594909667969
-1.3294007778167725,0,0,6.1745285987854,0,0.0
-8.90298843383789,1,0,6.6290974617004395,0,2.1972246170043945
-0.4008277952671051,0,0,6.456099987030029,0,2.1972246170043945
1.8998706340789795,0,0,6.627842426300049,0,0.0
5.2199788093566895,1,1,6.14078950881958,0,2.079441547393799
0.4369867742061615,1,0,6.1030683517456055,1,1.7917594909667969
-4.617882251739502,1,1,7.294384479522705,1,1.6094379425048828
4.297190189361572,1,0,7.312596321105957,1,1.3862943649291992
1.3574135303497314,1,0,7.312395095825195,1,1.945910096168518
-1.307692289352417,0,1,6.069087982177734,0,0.0
2.6740236282348633,0,0,7.275353908538818,0,0.0
-0.8919164538383484,0,0,7.409644603729248,0,1.945910096168518
-5.485611438751221,0,0,6.46653938293457,1,1.3862943649291992
6.265591144561768,0,0,6.834639072418213,1,0.0
-6.74209451675415,1,0,8.2011137008667,0,0.0
4.013039588928223,1,0,6.259464740753174,0,0.0
1.5389267206192017,0,0,6.365874290466309,0,0.0
2.9210736751556396,0,0,6.6933207511901855,0,0.6931471824645996
2.7165520191192627,1,0,9.292473793029785,0,0.0
-13.227921485900879,0,0,7.795521259307861,1,0.0
9.724629402160645,1,0,5.7262983322143555,1,2.7725887298583984
-0.5376275777816772,1,0,6.61505126953125,0,0.0
1.3614121675491333,0,0,5.9731059074401855,1,0.0
-5.591210842132568,0,0,5.9065656661987305,1,1.7917594909667969
0.3992636203765869,1,0,7.069822788238525,1,0.0
-3.1617701053619385,0,0,5.91672420501709,0,1.945910096168518
0.07673189789056778,1,0,7.515575885772705,0,0.0
-4.037865161895752,1,0,9.381728172302246,1,0.0
-1.793404221534729,0,0,6.165094375610352,0,1.3862943649291992
-3.653777837753296,1,0,8.856156349182129,1,2.079441547393799
-2.3590075969696045,0,0,8.354519844055176,0,2.6390573978424072
-4.138632774353027,1,0,7.316539764404297,1,1.0986123085021973
-0.03667062893509865,1,0,7.964747905731201,0,3.2188758850097656
2.0530788898468018,1,0,8.170082092285156,1,3.295836925506592
-1.5112383365631104,0,0,5.945979595184326,1,0.6931471824645996
-0.09678392112255096,1,0,6.491003036499023,1,1.3862943649291992
-2.5124902725219727,1,0,7.248823165893555,0,0.0
7.454208850860596,1,0,7.431903839111328,0,3.1354942321777344
-7.5923967361450195,0,0,6.84547758102417,0,0.0
4.416016101837158,0,0,6.522776126861572,1,0.0
2.5816643238067627,0,0,6.532731056213379,1,1.0986123085021973
-2.4122986793518066,0,0,8.941161155700684,1,0.6931471824645996
3.576960325241089,0,0,7.538529872894287,1,2.4849066734313965
0.7572663426399231,1,0,7.321742057800293,1,2.995732307434082
4.104842662811279,0,0,7.263034820556641,1,0.0
-5.708708763122559,0,0,6.410409450531006,1,0.0
2.488896131515503,1,0,7.402894020080566,0,2.8332133293151855
-2.214646100997925,0,0,10.053460121154785,0,0.0
0.9770668745040894,1,0,7.361030101776123,0,0.0
2.2324633598327637,0,0,5.746224880218506,1,1.3862943649291992
-7.054269790649414,1,0,7.991009712219238,0,0.0
1.517881989479065,0,0,5.851408958435059,1,0.6931471824645996
-1.4813296794891357,0,0,5.890413284301758,0,0.0
-4.17789888381958,1,0,5.846207618713379,1,0.0
-21.41774559020996,0,0,6.964820861816406,0,0.0
-7.216856002807617,0,0,7.100888252258301,0,0.0
2.3643722534179688,0,0,6.483560562133789,0,0.0
-0.9156529307365417,0,1,6.600155353546143,1,2.397895336151123
8.133960723876953,1,0,6.29566764831543,0,2.079441547393799
20.478769302368164,1,0,6.2692952156066895,0,0.0
0.05151361599564552,1,0,10.199491500854492,0,3.0910425186157227
-1.6088759899139404,1,0,10.263446807861328,0,3.044522523880005
1.5225341320037842,0,0,5.783058166503906,0,1.6094379425048828
-0.7369309663772583,0,0,5.850404739379883,1,0.0
-0.011915295384824276,1,0,6.153791904449463,0,0.0
-0.7421737313270569,0,0,6.868133544921875,0,0.0
1.1817594766616821,0,0,7.4525933265686035,0,0.0
4.165721893310547,0,0,7.286946773529053,0,0.0
-2.34330153465271,0,0,5.856304168701172,1,0.0
2.701780080795288,0,0,10.630250930786133,0,3.1354942321777344
1.9565972089767456,1,1,8.408074378967285,1,0.0
-1.4895663261413574,1,0,8.408074378967285,0,2.7725887298583984
-1.745354175567627,0,1,8.297417640686035,0,2.7725887298583984
1.9409948587417603,1,0,5.971380233764648,1,1.6094379425048828
-0.2247324436903,0,0,6.836721420288086,0,0.0
-3.7979226112365723,1,0,6.832515716552734,1,0.0
2.472780704498291,0,0,6.0662994384765625,0,2.4849066734313965
-11.084815979003906,0,0,6.823390483856201,0,0.0
-4.623862266540527,0,0,6.506010055541992,1,1.0986123085021973
-5.4307451248168945,1,0,6.648777484893799,0,0.0
5.304208755493164,1,0,6.648777484893799,1,0.0
-2.117041826248169,0,0,8.563776969909668,1,1.945910096168518
10.641644477844238,0,0,5.904680252075195,0,0.6931471824645996
0.3983079493045807,0,0,6.564174175262451,1,0.0
8.406953811645508,1,0,8.275195121765137,0,2.7725887298583984
1.3910051584243774,1,0,8.273361206054688,1,2.7725887298583984
1.4695416688919067,0,0,10.08204460144043,0,0.0
0.24151663482189178,0,0,10.297369003295898,1,0.0
9.505131721496582,0,0,6.171473026275635,0,0.0
0.25872838497161865,0,1,6.530777454376221,0,2.3025851249694824
-0.411194771528244,0,0,5.889949798583984,0,1.3862943649291992
-2.9291276931762695,1,0,5.838507652282715,0,0.0
-5.446709632873535,0,0,6.92785120010376,0,3.25809645652771
-10.036409378051758,0,0,7.054862976074219,0,2.3025851249694824
-3.650867223739624,1,0,7.2517900466918945,0,0.0
1.9315292835235596,1,0,7.89808464050293,1,0.0
-0.38438260555267334,0,0,7.7258076667785645,0,0.0
0.9133928418159485,1,1,7.977626323699951,1,0.0
1.259493350982666,0,0,8.159174919128418,0,2.1972246170043945
7.712916851043701,0,0,5.91584587097168,1,0.0
2.3005576133728027,0,0,6.359213829040527,1,2.7725887298583984
-2.800264596939087,0,0,6.247219562530518,0,0.0
-1.7673887014389038,0,0,6.21046781539917,0,0.0
2.2138752937316895,1,0,5.895053863525391,1,0.0
5.548141956329346,0,0,6.184624195098877,1,0.6931471824645996
-3.7431843280792236,1,0,7.806090831756592,0,0.0
0.7738906741142273,1,0,9.238624572753906,1,0.0
-0.517784833908081,0,0,6.226752281188965,0,1.0986123085021973
-2.8271448612213135,0,0,6.307650566101074,0,1.7917594909667969
12.122084617614746,0,0,5.935876369476318,1,0.0
2.5849556922912598,1,0,11.480345726013184,0,0.0
0.06465043872594833,0,0,6.38910436630249,1,0.0
2.0784497261047363,0,0,6.2584991455078125,0,1.7917594909667969
-2.2035231590270996,1,0,6.244670867919922,0,0.0
-8.914851188659668,0,0,6.893730163574219,1,0.0
-2.3889386653900146,0,0,7.111799716949463,0,0.6931471824645996
-12.804048538208008,0,0,7.837775230407715,0,0.0
-0.5597232580184937,0,0,7.368934631347656,0,2.079441547393799
0.9989928603172302,0,0,6.600291728973389,1,0.0
-22.960548400878906,0,0,5.717920303344727,0,2.6390573978424072
2.632403612136841,1,0,9.28357219696045,0,0.6931471824645996
-7.093425273895264,0,0,6.843942642211914,0,2.6390573978424072
4.243301868438721,0,0,6.357515335083008,0,0.0
-2.2588117122650146,0,0,7.07185173034668,1,2.890371799468994
0.5320243835449219,0,0,6.106624126434326,0,1.7917594909667969
0.12898670136928558,0,0,9.138432502746582,1,0.0
-4.184147357940674,0,0,5.98062801361084,0,0.6931471824645996
-1.7635719776153564,0,0,6.364461898803711,0,0.0
0.7595269680023193,0,0,7.196962356567383,0,0.0
4.359343528747559,1,0,7.9739251136779785,0,3.2188758850097656
5.1590986251831055,0,0,7.254047393798828,0,2.995732307434082
7.865137577056885,1,0,7.378096103668213,0,3.044522523880005
-1.7292065620422363,1,1,7.44239616394043,0,0.0
0.3500896096229553,0,0,6.202655792236328,0,2.1972246170043945
1.4670863151550293,1,0,7.366064548492432,0,0.0
-4.311037540435791,0,0,6.858731746673584,0,0.0
-3.289015054702759,0,0,8.709357261657715,0,2.70805025100708
1.920206069946289,0,0,9.450126647949219,1,0.0
0.1015380471944809,0,0,9.71998119354248,0,0.0
6.929966926574707,1,0,7.24345588684082,0,2.6390573978424072
0.3739174008369446,0,0,7.343761444091797,1,2.1972246170043945
9.81607437133789,1,0,6.974789619445801,1,1.7917594909667969
-1.1485686302185059,1,0,8.158575057983398,1,2.944438934326172
7.079916000366211,1,0,8.668840408325195,0,0.0
7.1310882568359375,0,0,7.59673547744751,1,2.3025851249694824
1.0841225385665894,0,0,11.05372142791748,0,2.4849066734313965
-0.5369507074356079,1,1,10.841317176818848,1,2.8332133293151855
-1.9441380500793457,0,0,10.636408805847168,1,0.0
0.8854771256446838,1,0,9.37425708770752,0,0.0
-2.2467854022979736,0,0,7.082038879394531,1,0.0
1.9819996356964111,0,0,6.5155253410339355,0,0.0
-2.00985050201416,0,0,7.855367183685303,0,1.6094379425048828
-3.279146671295166,0,0,6.909712314605713,0,1.0986123085021973
0.05414095148444176,1,0,6.1618876457214355,0,0.0
-12.249493598937988,0,0,6.38967752456665,1,1.945910096168518
-3.896091938018799,0,0,6.378086566925049,1,0.0
-2.545039653778076,0,0,6.1415324211120605,1,2.079441547393799
-4.680964946746826,0,0,10.91642951965332,1,0.6931471824645996
13.499358177185059,1,0,10.94723892211914,0,1.0986123085021973
-1.1608620882034302,1,1,6.179714202880859,1,2.1972246170043945
-1.2266449928283691,0,0,6.25704288482666,1,2.1972246170043945
-2.3218796253204346,1,0,9.905187606811523,0,0.0
-0.4363231956958771,0,0,9.642534255981445,0,3.044522523880005
-1.6107007265090942,1,0,6.364504814147949,1,0.0
2.4679722785949707,1,0,6.471715450286865,1,0.0
6.1418280601501465,0,0,6.429416179656982,0,1.6094379425048828
-0.6391314268112183,0,0,9.276918411254883,0,0.0
-0.4714263081550598,1,1,10.81456470489502,1,3.0910425186157227
-1.4586292505264282,1,0,7.984274387359619,0,2.6390573978424072
1.1778444051742554,1,0,8.40867805480957,0,2.890371799468994
-0.23845210671424866,0,0,7.214869022369385,0,0.0
-4.08848762512207,0,0,6.403597831726074,1,0.0
0.8333091139793396,1,0,7.132192611694336,0,2.6390573978424072
-0.797511637210846,0,0,6.98577356338501,0,2.4849066734313965
-3.3525030612945557,0,0,7.162643909454346,1,2.6390573978424072
4.144994735717773,0,0,7.8795061111450195,1,1.6094379425048828
-2.3210954666137695,0,0,6.669107437133789,0,0.0
0.0952184870839119,1,0,9.614165306091309,0,2.8332133293151855
-0.4602898061275482,0,0,9.575621604919434,0,2.70805025100708
-4.973886966705322,0,0,6.058990478515625,0,2.1972246170043945
1.221947193145752,1,0,6.904345512390137,0,0.0
-2.8206071853637695,1,0,6.376596450805664,0,1.0986123085021973
0.14541742205619812,1,0,6.770477771759033,0,2.1972246170043945
0.21605326235294342,0,0,7.017232418060303,0,0.0
7.2956061363220215,1,0,6.38858699798584,1,0.0
-1.4521856307983398,0,0,6.4860520362854,0,0.0
3.234355926513672,0,0,6.058609962463379,1,1.945910096168518
5.664806842803955,1,0,7.65698766708374,0,0.0
-0.7643072605133057,1,0,7.415814399719238,0,0.0
-7.643437385559082,1,0,6.917275428771973,1,2.7725887298583984
-1.0961699485778809,0,0,6.8336873054504395,0,1.0986123085021973
-11.935528755187988,1,0,6.187967777252197,1,0.0
2.173349142074585,1,0,7.896754264831543,0,2.6390573978424072
-2.3775179386138916,0,0,6.855133056640625,0,2.70805025100708
-0.31203868985176086,1,0,7.205447673797607,0,0.0
-1.3856309652328491,0,0,7.2344489097595215,1,3.0910425186157227
2.3556439876556396,0,1,7.6623334884643555,1,0.0
-0.3565012216567993,1,0,6.062784671783447,0,1.945910096168518
-1.610817313194275,1,0,6.582577705383301,0,2.6390573978424072
9.119547843933105,1,0,6.341300964355469,0,0.0
1.2947533130645752,0,0,6.961643218994141,0,0.0
2.077885389328003,1,0,6.454574108123779,0,0.0
-1.8873469829559326,0,0,7.37027645111084,1,2.5649492740631104
-1.1390835046768188,0,0,5.9695000648498535,0,0.0
0.9444717764854431,0,0,5.9458746910095215,0,1.945910096168518
-2.704587697982788,1,0,5.978152751922607,0,2.079441547393799
-2.034121513366699,0,0,5.812915802001953,0,0.0
-13.575335502624512,0,0,5.707640647888184,0,0.0
0.541853666305542,0,0,7.26672887802124,0,2.079441547393799
-0.4148452579975128,1,0,8.008417129516602,1,0.0
-1.648043155670166,0,0,7.304917335510254,0,0.0
0.170323446393013,0,0,7.7675251960754395,0,0.0
-0.5974159836769104,0,0,7.324361801147461,1,2.4849066734313965
1.7525379657745361,0,0,6.431821823120117,0,0.0
-10.356525421142578,1,0,7.722204208374023,0,2.079441547393799
1.0667728185653687,0,0,6.624807834625244,0,1.6094379425048828
1.787122130393982,1,0,9.173921585083008,0,2.7725887298583984
-0.5411807894706726,1,0,7.571943759918213,1,0.0
-4.395966053009033,0,0,8.066309928894043,0,0.0
-0.5455005168914795,0,0,7.159857749938965,1,0.0
-3.88527250289917,1,0,6.658993721008301,0,2.3025851249694824
-2.659496307373047,0,0,6.2113938331604,0,0.0
0.547653079032898,1,0,6.105046272277832,0,0.0
-17.765291213989258,1,0,7.6006951332092285,1,1.7917594909667969
-1.1442455053329468,0,0,8.151009559631348,0,0.0
0.8638363480567932,0,0,5.993416786193848,0,2.079441547393799
-0.6964659094810486,0,0,6.274426460266113,0,1.3862943649291992
0.7629138231277466,0,1,6.546628952026367,0,1.7917594909667969
-0.3165664076805115,1,0,8.905364036560059,0,3.0910425186157227
-10.32957935333252,1,0,6.369758129119873,1,0.0
2.0482444763183594,1,0,8.665684700012207,0,1.3862943649291992
0.35882312059402466,0,0,8.437058448791504,0,1.6094379425048828
-3.6714775562286377,0,0,7.247076988220215,1,0.0
1.4276115894317627,0,0,6.335326671600342,0,0.0
-0.6598251461982727,0,0,6.039669990539551,1,1.6094379425048828
-0.2753838896751404,1,0,6.484023571014404,0,1.7917594909667969
-4.507372856140137,0,0,6.848163604736328,0,0.0
-0.4307425022125244,0,0,6.834717750549316,1,1.3862943649291992
0.6394312381744385,1,0,6.832680702209473,0,2.079441547393799
0.10418994724750519,0,0,6.092628479003906,0,0.0
-0.870591402053833,1,0,7.08692741394043,0,0.0
1.831449031829834,1,0,6.3699421882629395,1,2.890371799468994
0.7433509230613708,0,0,6.586752891540527,1,0.0
-1.188330888748169,0,0,6.246023178100586,0,2.079441547393799
-7.692041873931885,0,0,6.0275115966796875,1,0.0
1.371485710144043,1,0,8.502309799194336,0,2.6390573978424072
-0.48205798864364624,1,0,8.644609451293945,1,0.0
-2.258863925933838,1,0,6.585318088531494,0,2.397895336151123
-6.091529846191406,1,0,5.894586086273193,1,2.079441547393799
-1.4606409072875977,0,0,6.683234691619873,0,0.0
-1.457960605621338,0,0,6.102399826049805,0,0.0
-0.3874647617340088,0,0,7.808156967163086,0,0.0
-0.47972315549850464,1,0,7.744999408721924,1,2.397895336151123
0.26998183131217957,0,0,5.922722816467285,0,0.6931471824645996
-0.5945680737495422,0,0,6.6350555419921875,0,0.0
-1.9114688634872437,0,0,8.803468704223633,0,0.0
-1.2162585258483887,0,0,7.201900005340576,0,0.0
-0.8573086261749268,0,0,7.249963760375977,0,0.0
5.775513648986816,1,0,6.927464485168457,0,0.0
-1.9357428550720215,0,0,5.78001594543457,0,0.0
-0.3018474578857422,0,0,6.322242259979248,0,1.6094379425048828
1.07680082321167,1,0,5.708340167999268,1,0.0
5.687334060668945,0,0,6.144916534423828,0,2.079441547393799
5.4145402908325195,1,0,9.15854263305664,0,0.0
-1.0483354330062866,0,0,8.047048568725586,1,0.0
1.8189369440078735,0,0,6.5509538650512695,1,0.0
-3.6857359409332275,0,0,6.311720371246338,0,2.079441547393799
-3.2746613025665283,0,0,6.912342548370361,0,1.3862943649291992
-0.8532687425613403,0,0,7.993338108062744,0,2.079441547393799
2.5344204902648926,0,0,6.573314666748047,0,0.0
0.018427692353725433,0,0,6.606386184692383,0,2.079441547393799
3.5922110080718994,0,0,7.5553741455078125,1,0.0
-9.588713645935059,0,0,6.4171271324157715,0,2.1972246170043945
2.1290500164031982,0,0,6.93681526184082,0,0.6931471824645996
0.4613220989704132,0,0,9.285870552062988,1,0.0
-1.562355399131775,0,0,7.261551856994629,0,2.4849066734313965
2.758399724960327,0,0,7.476902008056641,0,0.0
2.465371608734131,1,0,7.049321174621582,0,1.6094379425048828
1.4747467041015625,0,0,7.051915645599365,1,0.0
0.7586925029754639,0,0,6.05421781539917,0,1.6094379425048828
-2.0806503295898438,1,0,7.003476619720459,1,0.0
-2.4253249168395996,0,0,6.53505802154541,1,0.0
0.12999825179576874,1,0,7.5324931144714355,0,0.0
-4.362181186676025,0,0,8.001909255981445,1,2.6390573978424072
3.253770589828491,0,0,6.006904602050781,0,0.0
-3.193788766860962,1,0,7.319561958312988,0,0.0
1.7172975540161133,0,0,7.4061408042907715,0,2.3025851249694824
-2.5174355506896973,1,0,6.424066543579102,1,0.0
-2.8946926593780518,1,0,6.478609561920166,0,1.7917594909667969
7.602209091186523,0,0,5.86752986907959,0,2.3025851249694824
-0.5324852466583252,1,0,6.869470119476318,0,0.0
2.443773031234741,0,0,5.944055557250977,1,0.0
4.130025863647461,0,0,6.946614742279053,0,0.0
-2.5187995433807373,1,0,6.829185485839844,0,2.397895336151123
6.455642223358154,1,0,6.493226051330566,0,2.6390573978424072
-4.503532409667969,1,0,7.171005725860596,1,2.6390573978424072
-15.787540435791016,0,0,6.848144054412842,0,2.1972246170043945
-2.378849744796753,0,0,6.555665493011475,1,0.0
3.925236463546753,0,0,5.996006488800049,0,2.079441547393799
0.059641867876052856,0,0,6.33035135269165,0,1.945910096168518
2.502976894378662,0,0,6.978902816772461,0,0.0
2.770681858062744,0,0,7.271052360534668,1,0.0
2.467231512069702,0,0,7.8352251052856445,0,1.3862943649291992
1.8585158586502075,0,0,6.163763523101807,0,0.0
-13.208319664001465,1,0,6.75459098815918,0,0.0
0.31555062532424927,0,0,6.544009208679199,0,0.0
-0.23630885779857635,0,0,7.041919708251953,1,0.0
-0.752360999584198,0,0,5.711170196533203,1,0.0
-2.0360453128814697,1,0,6.079977035522461,0,0.0
-1.9551434516906738,1,0,6.497483730316162,0,0.0
9.366938591003418,0,0,6.368157386779785,1,0.0
2.115640163421631,1,0,5.969397068023682,1,0.6931471824645996
-1.2113025188446045,0,0,6.368360996246338,0,1.6094379425048828
-10.185386657714844,0,0,8.41201400756836,0,2.1972246170043945
0.720954179763794,1,0,6.5539231300354,0,0.0
-1.4587351083755493,0,0,6.370118141174316,0,0.6931471824645996
0.8570632338523865,1,0,8.178227424621582,0,0.0
-3.5927531719207764,1,0,6.012903213500977,1,1.6094379425048828
0.606461763381958,0,0,7.263182640075684,1,0.0
2.702944755554199,0,0,7.104283332824707,0,0.0
0.5478094220161438,0,0,5.989238262176514,0,0.0
1.5890393257141113,1,0,8.114744186401367,0,0.0
0.475057989358902,0,0,8.415345191955566,1,2.079441547393799
3.8840436935424805,1,0,5.97611665725708,0,2.70805025100708
2.1208348274230957,0,0,6.16898775100708,0,0.0
8.511691093444824,1,0,6.382932186126709,0,0.0
0.5475912690162659,1,0,6.761051654815674,1,0.0
-4.138206958770752,1,0,10.091049194335938,1,0.0
-1.02410089969635,0,0,7.5597944259643555,0,1.945910096168518
-1.462607741355896,1,0,6.4621901512146,0,2.079441547393799
-6.8637471199035645,0,0,6.452933311462402,0,1.0986123085021973
0.5889828205108643,0,0,6.907841682434082,0,1.7917594909667969
-1.2864022254943848,1,0,10.054450035095215,1,0.0
2.0153801441192627,0,0,7.8019585609436035,0,2.1972246170043945
-1.5332244634628296,0,0,8.933670043945312,0,0.0
3.4987244606018066,0,0,6.270192623138428,1,0.0
-1.296318531036377,0,0,6.652036666870117,1,0.0
-4.09091329574585,0,0,6.031845569610596,1,1.6094379425048828
-3.3164803981781006,0,0,8.233144760131836,0,0.0
8.468755722045898,0,0,6.318634510040283,1,0.0
4.337366580963135,0,0,5.772125244140625,1,0.0
-2.574310779571533,1,0,6.18306827545166,0,0.0
-4.76334285736084,0,0,6.247481346130371,1,1.7917594909667969
-1.1928390264511108,0,0,6.374060153961182,1,1.945910096168518
5.198967456817627,0,0,7.6361470222473145,0,0.0
-0.1892620027065277,1,0,10.20544147491455,0,0.0
0.9335784316062927,0,0,6.295087814331055,0,0.6931471824645996
-3.7791481018066406,0,0,7.240283966064453,0,2.1972246170043945
4.887763023376465,1,0,6.25499963760376,0,0.0
-2.8097777366638184,1,0,9.947287559509277,0,0.0
2.056875228881836,0,0,6.172576427459717,0,0.0
-0.8615611791610718,0,0,6.420354843139648,0,1.6094379425048828
-0.2797282040119171,0,0,5.891147136688232,0,0.0
-0.6778738498687744,0,0,6.5167436599731445,0,1.0986123085021973
-1.4321128129959106,1,0,9.256708145141602,0,0.0
2.412592649459839,1,0,8.238710403442383,0,0.0
-0.1462620049715042,1,0,9.418251991271973,1,0.0
-0.109372079372406,1,0,11.092890739440918,0,1.3862943649291992
1.1443504095077515,1,0,8.015995979309082,1,0.0
-6.304312705993652,1,0,9.4329833984375,1,2.4849066734313965
2.9443535804748535,1,0,10.193550109863281,0,0.6931471824645996
-3.769036054611206,1,0,11.485045433044434,0,1.3862943649291992
1.6446768045425415,1,0,9.909113883972168,0,0.0
5.765805244445801,0,0,7.684121608734131,0,0.6931471824645996
2.589275598526001,0,0,8.596878051757812,0,0.6931471824645996
-1.5038049221038818,0,0,6.53151798248291,1,0.0
0.9598240256309509,1,0,5.838947772979736,1,1.7917594909667969
1.362645149230957,1,0,5.838947772979736,1,0.0
1.397449016571045,0,0,5.728089332580566,1,1.3862943649291992
-1.3337457180023193,1,0,10.026734352111816,1,0.0
1.0097719430923462,0,0,8.644619941711426,0,1.0986123085021973
-2.382878065109253,1,0,9.889411926269531,1,0.0
-6.3330183029174805,1,0,9.4605131149292,0,0.0
6.49711799621582,1,0,10.069276809692383,0,0.0
-2.575263261795044,1,0,7.83120059967041,0,2.1972246170043945
0.4952680766582489,1,0,7.404351234436035,1,0.0
-0.3112506866455078,1,0,6.60520601272583,0,0.0
5.037914276123047,1,0,6.147039890289307,0,0.0
-0.9983689785003662,0,1,7.319344520568848,0,0.0
-9.311121940612793,1,0,6.223902225494385,0,0.0
3.8971056938171387,1,0,6.188466548919678,0,0.0
2.1661126613616943,0,0,6.132129669189453,0,0.0
2.5116591453552246,0,0,6.798283100128174,0,2.4849066734313965
-0.9883063435554504,0,0,6.709534645080566,0,2.3025851249694824
-0.4496513307094574,0,1,6.834747791290283,0,0.0
-0.9233648777008057,0,0,7.276576995849609,0,2.397895336151123
0.24204500019550323,0,0,8.170618057250977,0,0.6931471824645996
2.7764992713928223,0,0,8.530858039855957,0,0.6931471824645996
